{
    "title": "Full length articleOptimizing the hydrogen embrittlement resistance by tuning the structures of Cu-rich nanoprecipitates in high strength martensite stainless steels",
    "doi": "j.actamat.2023.118722",
    "ref": "https://www.sciencedirect.com/science/article/pii/S135964542300054X?via%3Dihub",
    "sample_id": "j.actamat.2023.118722_3",
    "sample_name": "SA4",
    "composition_name": "martensitic precipitation-hardening stainless steel",
    "alloy_type": "steel",
    "other_process": "The anode side of the sample was electroplated with Ni for 25 min to ensure the current density reliably and avoid the anodic dissolution during the test.",
    "样品状态(删除D，新增A)": null,
    "composition_content": [
        {
            "element": "C",
            "content": "0.033%"
        },
        {
            "element": "Si",
            "content": "0.56%"
        },
        {
            "element": "Mn",
            "content": "0.51%"
        },
        {
            "element": "P",
            "content": "0.018%"
        },
        {
            "element": "S",
            "content": "0.0007%"
        },
        {
            "element": "Cr",
            "content": "16.75%"
        },
        {
            "element": "Ni",
            "content": "3.99%"
        },
        {
            "element": "Cu",
            "content": "3.67%"
        },
        {
            "element": "Nb",
            "content": "0.28%"
        },
        {
            "element": "Fe",
            "content": "bal."
        }
    ],
    "printing_parameter": {
        "equipment": "none",
        "laser_power": "none",
        "beam_current": "none",
        "accelerating_voltage": "none",
        "scan_speed": "none",
        "layer_thickness": "none",
        "hatch_spacing": "none",
        "rotation_angle": "none",
        "scan_strategy": "none"
    },
    "tensile_condition": {
        "tensile_standard": "none",
        "tensile_temperature": "Room temperature",
        "tensile_speed": "1 × 10−5 s−1",
        "tensile_strategy": "Constant crosshead speed",
        "sample_shape": "Dog-bone, 5 mm in cross-section, 25 mm gauge length, Fig. none"
    },
    "microstructure": {
        "microscope": [
            "Fig. 5"
        ],
        "EBSD_image": [
            "Fig. 4"
        ],
        "phase_fraction": [
            "9R-Cu precipitates, grain sizes fluctuate from 7.9 to 9.8 µm"
        ]
    },
    "tensile_property": {
        "stress_strain_curve": "Fig. 2",
        "yield_strength": "none",
        "ultimate_strength": "1421.4 ± 7.1 MPa (HF), 1406.4 ± 4.0 MPa (HC)",
        "fracture_elongation": "14.7 ± 1.1% (HF), 8.8 ± 1.2% (HC)",
        "uniform_elongation": "none",
        "fracture_toughness": "none"
    },
    "thermal_process": [
        {
            "temperature": "1040 °C",
            "time": "1 hr",
            "cooling_method": "quenched in water",
            "pressure": "none",
            "atmosphere": "none"
        },
        {
            "temperature": "480 °C",
            "time": "4 h",
            "cooling_method": "none",
            "pressure": "none",
            "atmosphere": "none"
        }
    ]
}