{
    "title": "Refined grain formation behavior and strengthening mechanism of α-titanium with nitrogen fabricated by selective laser melting",
    "doi": "j.addma.2020.101537",
    "ref": "https://www.sciencedirect.com/science/article/pii/S221486042030909X?via%3Dihub",
    "sample_id": "j.addma.2020.101537_2",
    "sample_name": "SLM Ti-0.01N_P7",
    "composition_name": "SLM Ti-0.01N",
    "alloy_type": "titanium",
    "other_process": "mixing of nitrided Ti powder with original pure Ti powder to adjust nitrogen concentration",
    "样品状态(删除D，新增A)": null,
    "composition_content": [
        {
            "element": "N",
            "content": "0.01%"
        },
        {
            "element": "Ti",
            "content": "bal."
        }
    ],
    "printing_parameter": {
        "equipment": "SLM system with laser fiber",
        "laser_power": "160W",
        "beam_current": "NONE",
        "accelerating_voltage": "NONE",
        "scan_speed": "535 mm/s",
        "layer_thickness": "20 µm",
        "hatch_spacing": "110 µm",
        "rotation_angle": "90°",
        "scan_strategy": "chessboard pattern with a size of 4 mm × 4 mm"
    },
    "tensile_condition": {
        "tensile_standard": "NONE",
        "tensile_temperature": "Room temperature",
        "tensile_speed": "5 × 10−4 s-1",
        "tensile_direction": null,
        "sample_shape": "plate-type specimens (1 mm × 2 mm × 10 mm); []"
    },
    "microstructure": {
        "microscope": [
            "none"
        ],
        "EBSD_image": [
            "Fig. 11"
        ],
        "phase_fraction": [
            "α"
        ]
    },
    "tensile_property": {
        "stress_strain_curve": "Fig. 14",
        "yield_strength": "334±8 MPa",
        "ultimate_strength": "394±13 MPa",
        "fracture_elongation": "15±1%",
        "uniform_elongation": "NONE",
        "fracture_toughness": "NONE"
    },
    "thermal_process": [
        {
            "temperature": "923 K",
            "time": "7.2 ks",
            "cooling_method": "NONE",
            "pressure": "NONE",
            "atmosphere": "nitrogen"
        }
    ]
}