{
    "title": "Process development and impact of intrinsic heat treatment on the mechanical performance of selective laser melted AISI 4140",
    "doi": "j.addma.2019.05.012",
    "ref": "https://www.sciencedirect.com/science/article/pii/S2214860418309369?via%3Dihub",
    "sample_id": "j.addma.2019.05.012_1",
    "sample_name": "SLM-AB",
    "composition_name": "AISI 4140",
    "alloy_type": "steel",
    "other_process": "NONE",
    "样品状态(删除D，新增A)": null,
    "composition_content": [
        {
            "element": "Fe",
            "content": "bal."
        },
        {
            "element": "C",
            "content": "0.39%"
        },
        {
            "element": "Cr",
            "content": "1.10%"
        },
        {
            "element": "Mo",
            "content": "0.18%"
        },
        {
            "element": "Mn",
            "content": "0.84%"
        },
        {
            "element": "Si",
            "content": "0.19%"
        }
    ],
    "printing_parameter": {
        "equipment": "SLM®280 machine by SLM Solutions",
        "laser_power": "275/325/375 W",
        "beam_current": "NONE",
        "accelerating_voltage": "NONE",
        "scan_speed": "550–950 mm/s",
        "layer_thickness": "30 µm",
        "hatch_spacing": "100/120/140 µm",
        "rotation_angle": "67°",
        "scan_strategy": "contour-hatch strategy in a bidirectional hatching pattern"
    },
    "tensile_condition": {
        "tensile_standard": "DIN EN ISO 6892-1",
        "tensile_temperature": "room temperature",
        "tensile_speed": "0.11 mm/min",
        "tensile_direction": null,
        "sample_shape": "sample shape B with 6 mm diameter according to DIN 50125; []"
    },
    "microstructure": {
        "microscope": [
            "Fig. 5",
            "Fig. 6"
        ],
        "EBSD_image": [],
        "phase_fraction": [
            "martensite,major phase",
            "cementite,traces",
            "carbide precipitations"
        ]
    },
    "tensile_property": {
        "stress_strain_curve": "Fig. 7",
        "yield_strength": "1175±5 MPa",
        "ultimate_strength": "1280±10 MPa",
        "fracture_elongation": "7.2±2.8%",
        "uniform_elongation": "NONE",
        "fracture_toughness": "NONE"
    },
    "thermal_process": [
        {
            "temperature": "NONE",
            "time": "NONE",
            "cooling_method": "NONE",
            "pressure": "NONE",
            "atmosphere": "NONE"
        }
    ]
}