{
    "title": "Research paperPlane-strain fracture toughness of thin additively manufactured maraging steel samples",
    "doi": "j.addma.2021.102509",
    "ref": "https://www.sciencedirect.com/science/article/pii/S2214860421006564?via%3Dihub",
    "sample_id": "j.addma.2021.102509_3",
    "sample_name": "510 °C, 3 h",
    "composition_name": "18Ni (300) maraging steel",
    "alloy_type": "steel",
    "other_process": "none",
    "样品状态(删除D，新增A)": null,
    "composition_content": [
        {
            "element": "Fe",
            "content": "bal."
        },
        {
            "element": "Ni",
            "content": "18.27%"
        },
        {
            "element": "Co",
            "content": "8.67%"
        },
        {
            "element": "Mo",
            "content": "5.57%"
        },
        {
            "element": "Ti",
            "content": "0.73%"
        }
    ],
    "printing_parameter": {
        "equipment": "EOS M280",
        "laser_power": "none",
        "beam_current": "none",
        "accelerating_voltage": "none",
        "scan_speed": "none",
        "layer_thickness": "none",
        "hatch_spacing": "none",
        "rotation_angle": "none",
        "scan_strategy": "none"
    },
    "tensile_condition": {
        "tensile_standard": "ASTM E8M",
        "tensile_temperature": "Room temperature",
        "tensile_speed": "2 mm/min",
        "tensile_strategy": "Constant crosshead speed",
        "sample_shape": "Dog-bone, 25mm gauge length, 5.10 slimness ratio (Fig. 1a)"
    },
    "microstructure": {
        "microscope": [
            "Fig. 6"
        ],
        "EBSD_image": [
            "none"
        ],
        "phase_fraction": [
            "γ (reverted): 6.3%"
        ]
    },
    "tensile_property": {
        "stress_strain_curve": "Fig. 8",
        "yield_strength": "1676 ± 175 MPa",
        "ultimate_strength": "1733 ± 143 MPa",
        "fracture_elongation": "1.2 ± 0.3%",
        "uniform_elongation": "none",
        "fracture_toughness": "60 ± 1 MPa√m"
    },
    "thermal_process": [
        {
            "temperature": "510 °C",
            "time": "3 h",
            "cooling_method": "none",
            "pressure": "none",
            "atmosphere": "none"
        }
    ]
}