{
    "title": "Developing cost-effective indirect manufacturing of H13 steel from extrusion-printing to post-processing",
    "doi": "j.addma.2022.103384",
    "ref": "https://www.sciencedirect.com/science/article/pii/S2214860422007734?via%3Dihub",
    "sample_id": "j.addma.2022.103384_1",
    "sample_name": "H13 Steel Sintered at 1350°C-5h",
    "composition_name": "H13 steel powder",
    "alloy_type": "steel",
    "other_process": "Solvent debinding was carried out by immersing the green parts in n-hexane (>97% purity, Shanghai Titan Scientific Co., Ltd., China) at 45°C with magnetic stirring. The solvent-debound samples were collected to measure the weight loss after a period of soaking.",
    "样品状态(删除D，新增A)": null,
    "composition_content": [
        {
            "element": "C",
            "content": "0.339%"
        },
        {
            "element": "Cr",
            "content": "5.10%"
        },
        {
            "element": "Mo",
            "content": "1.28%"
        },
        {
            "element": "Si",
            "content": "0.98%"
        },
        {
            "element": "V",
            "content": "1.01%"
        },
        {
            "element": "Mn",
            "content": "0.39%"
        },
        {
            "element": "P",
            "content": "0.012%"
        },
        {
            "element": "S",
            "content": "0.005%"
        },
        {
            "element": "O",
            "content": "0.074%"
        },
        {
            "element": "Fe",
            "content": "bal."
        }
    ],
    "printing_parameter": {
        "equipment": "none",
        "laser_power": "none",
        "beam_current": "none",
        "accelerating_voltage": "none",
        "scan_speed": "none",
        "layer_thickness": "none",
        "hatch_spacing": "600 µm",
        "rotation_angle": "45°/135°",
        "scan_strategy": "none"
    },
    "tensile_condition": {
        "tensile_standard": "ISO 6892-1:2019",
        "tensile_temperature": "Room temperature",
        "tensile_speed": "1 mm/min",
        "tensile_strategy": "Constant crosshead speed",
        "sample_shape": "Fig. 4"
    },
    "microstructure": {
        "microscope": [
            "Fig. 14",
            "Fig. 15"
        ],
        "EBSD_image": [
            "Fig. 15"
        ],
        "phase_fraction": [
            "Ferrite: dominant, Residual Martensite: minor"
        ]
    },
    "tensile_property": {
        "stress_strain_curve": "Fig. 16",
        "yield_strength": "none",
        "ultimate_strength": "1388 ± 27 MPa",
        "fracture_elongation": "1.94 ± 0.05%",
        "uniform_elongation": "none",
        "fracture_toughness": "none"
    },
    "thermal_process": [
        {
            "temperature": "300°C",
            "time": "1 h",
            "cooling_method": "none",
            "pressure": "none",
            "atmosphere": "none"
        },
        {
            "temperature": "500°C",
            "time": "1 h",
            "cooling_method": "none",
            "pressure": "none",
            "atmosphere": "none"
        },
        {
            "temperature": "1350°C",
            "time": "5 h",
            "cooling_method": "furnace cooling",
            "pressure": "none",
            "atmosphere": "argon"
        }
    ]
}