{
    "title": "Mechanical behaviors of Ti–V–(Al, Sn) alloys with α′ martensite microstructure",
    "doi": "j.jallcom.2010.11.089",
    "ref": "https://www.sciencedirect.com/science/article/pii/S0925838810028513?via%3Dihub",
    "sample_id": "j.jallcom.2010.11.089_5",
    "sample_name": "Ti–2%Al–6%V–2%Sn (1373 K STQ)",
    "composition_name": "Ti–(0, 2, 4, 6) mass% Al–6 mass% V–2 mass% Sn",
    "alloy_type": "titanium",
    "other_process": "The STQ samples were cold rolled to a final thickness of 1 mm.",
    "样品状态(删除D，新增A)": null,
    "composition_content": [
        {
            "element": "Ti",
            "content": "bal."
        },
        {
            "element": "Al",
            "content": "0, 2, 4, 6%"
        },
        {
            "element": "V",
            "content": "6%"
        },
        {
            "element": "Sn",
            "content": "2%"
        }
    ],
    "printing_parameter": {
        "equipment": "none",
        "laser_power": "none",
        "beam_current": "none",
        "accelerating_voltage": "none",
        "scan_speed": "none",
        "layer_thickness": "none",
        "hatch_spacing": "none",
        "rotation_angle": "none",
        "scan_strategy": "none"
    },
    "tensile_condition": {
        "tensile_standard": "none",
        "tensile_temperature": "Room temperature",
        "tensile_speed": "1.5 × 10−4 s−1",
        "tensile_strategy": "Constant crosshead speed",
        "sample_shape": "none"
    },
    "microstructure": {
        "microscope": [
            "none"
        ],
        "EBSD_image": [
            "none"
        ],
        "phase_fraction": [
            "α′ (H.C.P.) martensite"
        ]
    },
    "tensile_property": {
        "stress_strain_curve": "Fig. 4",
        "yield_strength": "none",
        "ultimate_strength": "none",
        "fracture_elongation": "none",
        "uniform_elongation": "none",
        "fracture_toughness": "none"
    },
    "thermal_process": [
        {
            "temperature": "1423 K",
            "time": "86.4 ks",
            "cooling_method": "cooling in an argon atmosphere",
            "pressure": "none",
            "atmosphere": "argon"
        },
        {
            "temperature": "1373 K",
            "time": "7.2 ks",
            "cooling_method": "quenched in ice water",
            "pressure": "none",
            "atmosphere": "evacuated quartz tube"
        }
    ]
}