{
    "title": "Hot-wire arc additive manufacturing Ti–6.5Al–2Zr–1Mo–1V titanium alloy: Pore characterization, microstructural evolution, and mechanical properties",
    "doi": "j.jallcom.2019.153334",
    "ref": "https://www.sciencedirect.com/science/article/pii/S0925838819345803?via%3Dihub",
    "sample_id": "j.jallcom.2019.153334_1",
    "sample_name": "Porosity part",
    "composition_name": "Porosity part",
    "alloy_type": "titanium",
    "other_process": "none",
    "样品状态(删除D，新增A)": null,
    "composition_content": [
        {
            "element": "Al",
            "content": "6.66%"
        },
        {
            "element": "V",
            "content": "2.30%"
        },
        {
            "element": "Zr",
            "content": "2.1%"
        },
        {
            "element": "Mo",
            "content": "1.73%"
        },
        {
            "element": "O",
            "content": "0.14%"
        },
        {
            "element": "C",
            "content": "0.018%"
        },
        {
            "element": "Fe",
            "content": "0.026%"
        },
        {
            "element": "Si",
            "content": "0.030%"
        },
        {
            "element": "N",
            "content": "0.014%"
        },
        {
            "element": "H",
            "content": "0.0045%"
        }
    ],
    "printing_parameter": {
        "equipment": "none",
        "laser_power": "none",
        "beam_current": "none",
        "accelerating_voltage": "none",
        "scan_speed": "none",
        "layer_thickness": "none",
        "hatch_spacing": "none",
        "rotation_angle": "none",
        "scan_strategy": "none"
    },
    "tensile_condition": {
        "tensile_standard": "none",
        "tensile_temperature": "Room temperature",
        "tensile_speed": "0.001s−1",
        "tensile_strategy": "none",
        "sample_shape": "Fig. 3b"
    },
    "microstructure": {
        "microscope": [
            "Fig. 11.Fig. 12"
        ],
        "EBSD_image": [
            "none"
        ],
        "phase_fraction": [
            "Lamellar basketweave structure with some α colonies and grain boundary (GB) α"
        ]
    },
    "tensile_property": {
        "stress_strain_curve": "none",
        "yield_strength": "839 ± 14 MPa",
        "ultimate_strength": "914 ± 46 MPa",
        "fracture_elongation": "5.3 ± 2.6%",
        "uniform_elongation": "none",
        "fracture_toughness": "none"
    },
    "thermal_process": []
}