{
    "title": "Mechanical behaviors of Ti–V–(Al, Sn) alloys with α′ martensite microstructure",
    "doi": "j.jallcom.2010.11.089",
    "ref": "https://www.sciencedirect.com/science/article/pii/S0925838810028513?via%3Dihub",
    "sample_id": "j.jallcom.2010.11.089_9",
    "sample_name": "(Ti–12%V)–2%Al (823 K HT)",
    "composition_name": "(Ti–(4–25) mass% V)–(0–6) mass% Al",
    "alloy_type": "titanium",
    "other_process": "none",
    "样品状态(删除D，新增A)": null,
    "composition_content": [
        {
            "element": "Ti",
            "content": "bal."
        },
        {
            "element": "V",
            "content": "4-25%"
        },
        {
            "element": "Al",
            "content": "0-6%"
        }
    ],
    "printing_parameter": {
        "equipment": "none",
        "laser_power": "none",
        "beam_current": "none",
        "accelerating_voltage": "none",
        "scan_speed": "none",
        "layer_thickness": "none",
        "hatch_spacing": "none",
        "rotation_angle": "none",
        "scan_strategy": "none"
    },
    "tensile_condition": {
        "tensile_standard": "none",
        "tensile_temperature": "Room temperature",
        "tensile_speed": "1.5 × (10−2, 10−3, 10−4, 10−5) s−1",
        "tensile_strategy": "Constant crosshead speed",
        "sample_shape": "none"
    },
    "microstructure": {
        "microscope": [
            "none"
        ],
        "EBSD_image": [
            "none"
        ],
        "phase_fraction": [
            "α (H.C.P.), β (B.C.C.)"
        ]
    },
    "tensile_property": {
        "stress_strain_curve": "Fig. 7",
        "yield_strength": "none",
        "ultimate_strength": "none",
        "fracture_elongation": "none",
        "uniform_elongation": "none",
        "fracture_toughness": "none"
    },
    "thermal_process": [
        {
            "temperature": "1423 K",
            "time": "86.4 ks",
            "cooling_method": "cooling in an argon atmosphere",
            "pressure": "none",
            "atmosphere": "argon"
        },
        {
            "temperature": "823 K",
            "time": "86.4 ks",
            "cooling_method": "cooling in an Ar atmosphere",
            "pressure": "none",
            "atmosphere": "argon"
        }
    ]
}