{
    "title": "Characterization of wire arc additive manufacturing 2Cr13 part: Process stability, microstructural evolution, and tensile properties",
    "doi": "j.jallcom.2018.03.222",
    "ref": "https://www.sciencedirect.com/science/article/pii/S0925838818310922?via%3Dihub",
    "sample_id": "j.jallcom.2018.03.222_3",
    "sample_name": "10th layer",
    "composition_name": "2Cr13",
    "alloy_type": "steel",
    "other_process": "polished by a grinding machine and then cleaned with acetone",
    "样品状态(删除D，新增A)": null,
    "composition_content": [
        {
            "element": "Fe",
            "content": "bal."
        },
        {
            "element": "C",
            "content": "0.1-0.25%"
        },
        {
            "element": "Cr",
            "content": "12-14%"
        }
    ],
    "printing_parameter": {},
    "tensile_condition": {
        "tensile_standard": "NONE",
        "tensile_temperature": "room temperature",
        "tensile_speed": "1 mm/min",
        "tensile_direction": null,
        "sample_shape": "The tensile specimens in the X-Y, X-Z, and Y-Z planes for different layers were cut by a electro discharge cutting machine and then grounded by 2000# sandpaper; the corresponding position and sample size (9 mm × 5 mm × 1 mm) are schematically shown in Fig. 3.; ['Fig. 3']"
    },
    "microstructure": {
        "microscope": [
            "Fig. 8"
        ],
        "EBSD_image": [
            "Fig. 9",
            "Fig. 10"
        ],
        "phase_fraction": [
            "ferrite (α),martensite(α')",
            "M23C6"
        ]
    },
    "tensile_property": {
        "stress_strain_curve": "Fig. 11",
        "yield_strength": "NONE",
        "ultimate_strength": "1249 MPa (X-Y), 1229 MPa (X-Z), 1215 MPa (Y-Z)",
        "fracture_elongation": "0.7782 mm (X-Y), 0.9119 mm (X-Z), 0.8592 mm (Y-Z)",
        "uniform_elongation": "NONE",
        "fracture_toughness": "NONE"
    },
    "thermal_process": [
        {
            "temperature": "NONE",
            "time": "NONE",
            "cooling_method": "NONE",
            "pressure": "NONE",
            "atmosphere": "NONE"
        }
    ]
}