{
    "title": "Hot-wire arc additive manufacturing Ti–6.5Al–2Zr–1Mo–1V titanium alloy: Pore characterization, microstructural evolution, and mechanical properties",
    "doi": "j.jallcom.2019.153334",
    "ref": "https://www.sciencedirect.com/science/article/pii/S0925838819345803?via%3Dihub",
    "sample_id": "j.jallcom.2019.153334_2",
    "sample_name": "Density part",
    "composition_name": "Density part",
    "alloy_type": "titanium",
    "other_process": "none",
    "样品状态(删除D，新增A)": null,
    "composition_content": [
        {
            "element": "Al",
            "content": "6.64%"
        },
        {
            "element": "V",
            "content": "2.26%"
        },
        {
            "element": "Zr",
            "content": "2.1%"
        },
        {
            "element": "Mo",
            "content": "1.66%"
        },
        {
            "element": "O",
            "content": "0.10%"
        },
        {
            "element": "C",
            "content": "0.016%"
        },
        {
            "element": "Fe",
            "content": "0.038%"
        },
        {
            "element": "Si",
            "content": "0.027%"
        },
        {
            "element": "N",
            "content": "0.006%"
        },
        {
            "element": "H",
            "content": "0.0023%"
        }
    ],
    "printing_parameter": {
        "equipment": "none",
        "laser_power": "none",
        "beam_current": "none",
        "accelerating_voltage": "none",
        "scan_speed": "none",
        "layer_thickness": "none",
        "hatch_spacing": "none",
        "rotation_angle": "none",
        "scan_strategy": "none"
    },
    "tensile_condition": {
        "tensile_standard": "none",
        "tensile_temperature": "Room temperature",
        "tensile_speed": "0.001s−1",
        "tensile_strategy": "none",
        "sample_shape": "Fig. 3b"
    },
    "microstructure": {
        "microscope": [
            "Fig. 11.Fig. 12"
        ],
        "EBSD_image": [
            "none"
        ],
        "phase_fraction": [
            "Lamellar basketweave structure with some α colonies and grain boundary (GB) α"
        ]
    },
    "tensile_property": {
        "stress_strain_curve": "none",
        "yield_strength": "739 ± 17 MPa",
        "ultimate_strength": "832 ± 28 MPa",
        "fracture_elongation": "17.0 ± 3.3%",
        "uniform_elongation": "none",
        "fracture_toughness": "none"
    },
    "thermal_process": []
}