{
    "title": "Microstructure and mechanical properties of laser solid formed 300M steel",
    "doi": "j.jallcom.2014.09.111",
    "ref": "https://www.sciencedirect.com/science/article/pii/S0925838814022725?via%3Dihub",
    "sample_id": "j.jallcom.2014.09.111_2",
    "sample_name": "As-deposited samples in the middle of the deposit",
    "composition_name": "300M steel",
    "alloy_type": "steel",
    "other_process": "none",
    "样品状态(删除D，新增A)": null,
    "composition_content": [
        {
            "element": "C",
            "content": "0.38-0.43%"
        },
        {
            "element": "Si",
            "content": "1.45-1.80%"
        },
        {
            "element": "Mn",
            "content": "0.60-0.90%"
        },
        {
            "element": "S",
            "content": "⩽0.01%"
        },
        {
            "element": "P",
            "content": "⩽0.01%"
        },
        {
            "element": "Ni",
            "content": "1.65-2.00%"
        },
        {
            "element": "Cr",
            "content": "0.70-0.95%"
        },
        {
            "element": "Mo",
            "content": "0.30-0.50%"
        },
        {
            "element": "V",
            "content": "0.05-0.10%"
        },
        {
            "element": "Cu",
            "content": "⩽0.35%"
        },
        {
            "element": "Fe",
            "content": "bal."
        }
    ],
    "printing_parameter": {
        "equipment": "none",
        "laser_power": "none",
        "beam_current": "none",
        "accelerating_voltage": "none",
        "scan_speed": "none",
        "layer_thickness": "none",
        "hatch_spacing": "none",
        "rotation_angle": "none",
        "scan_strategy": "none"
    },
    "tensile_condition": {
        "tensile_standard": "none",
        "tensile_temperature": "Room temperature",
        "tensile_speed": "none",
        "tensile_strategy": "none",
        "sample_shape": "Fig. 1"
    },
    "microstructure": {
        "microscope": [
            "Fig. 2.Fig. 3"
        ],
        "EBSD_image": [
            "none"
        ],
        "phase_fraction": [
            "Martensite, Lower bainite, Irregular bainite (transitional bainite)"
        ]
    },
    "tensile_property": {
        "stress_strain_curve": "n, o, n, e",
        "yield_strength": "979 ± 19 MPa",
        "ultimate_strength": "1400 MPa",
        "fracture_elongation": "11.5 ± 0.5 %",
        "uniform_elongation": "none",
        "fracture_toughness": "14 %"
    },
    "thermal_process": []
}