{
    "title": "Additively manufactured Ti–6Al–4V thin struts via laser powder bed fusion: Effect of building orientation on geometrical accuracy and mechanical properties",
    "doi": "j.jmbbm.2021.104495",
    "ref": "https://www.sciencedirect.com/science/article/pii/S1751616121001806?via%3Dihub",
    "sample_id": "j.jmbbm.2021.104495_4",
    "sample_name": "0° oriented struts",
    "composition_name": "NONE",
    "alloy_type": "titanium",
    "other_process": "NONE",
    "样品状态(删除D，新增A)": null,
    "composition_content": [
        {
            "element": "Ti",
            "content": "bal."
        },
        {
            "element": "Al",
            "content": "6%"
        },
        {
            "element": "V",
            "content": "4%"
        }
    ],
    "printing_parameter": {
        "equipment": "EOS M290",
        "laser_power": "340 W",
        "beam_current": "NONE",
        "accelerating_voltage": "NONE",
        "scan_speed": "NONE",
        "layer_thickness": "60 µm",
        "hatch_spacing": "NONE",
        "rotation_angle": "NONE",
        "scan_strategy": "NONE"
    },
    "tensile_condition": {
        "tensile_standard": "NONE",
        "tensile_temperature": "room temperature",
        "tensile_speed": "0.5 mm/min",
        "tensile_direction": null,
        "sample_shape": "Cylindrical dog bone-like tensile specimens with a nominal diameter of 0.6 mm and a gauge length of 3 mm; ['Fig. 1']"
    },
    "microstructure": {
        "microscope": [
            "Fig. 3"
        ],
        "EBSD_image": [],
        "phase_fraction": [
            "α,coarse lamellar phase",
            "β,matrix phase"
        ]
    },
    "tensile_property": {
        "stress_strain_curve": "Fig. 9",
        "yield_strength": "772±48 MPa",
        "ultimate_strength": "1021±88 MPa",
        "fracture_elongation": "5.1±2.3%",
        "uniform_elongation": "4.0±0.8%",
        "fracture_toughness": "NONE"
    },
    "thermal_process": [
        {
            "temperature": "NONE",
            "time": "NONE",
            "cooling_method": "NONE",
            "pressure": "NONE",
            "atmosphere": "NONE"
        }
    ]
}