{
    "title": "Local laser hardening of heat treated medium manganese steel initially processed by laser powder bed fusion (LPBF)",
    "doi": "j.jmatprotec.2021.117471",
    "ref": "https://www.sciencedirect.com/science/article/pii/S0924013621004313?via%3Dihub",
    "sample_id": "j.jmatprotec.2021.117471_2",
    "sample_name": "Laser Hardened Sample (Speed: 0.5 mm/s, Power: 200 W)",
    "composition_name": "composition_2",
    "alloy_type": "steel",
    "other_process": "sandblasting, cleaning with isopropanol",
    "样品状态(删除D，新增A)": null,
    "composition_content": [
        {
            "element": "Fe",
            "content": "bal."
        },
        {
            "element": "C",
            "content": "0.14%"
        },
        {
            "element": "Si",
            "content": "0.44%"
        },
        {
            "element": "Mn",
            "content": "7.17%"
        },
        {
            "element": "Al",
            "content": "1.70%"
        }
    ],
    "printing_parameter": {
        "equipment": "SLM Solutions 280 2.0 printer",
        "laser_power": "250 W",
        "beam_current": "NONE",
        "accelerating_voltage": "NONE",
        "scan_speed": "1000 mm/s",
        "layer_thickness": "30 µm",
        "hatch_spacing": "80 µm",
        "rotation_angle": "33 °",
        "scan_strategy": "stripes scanning strategy"
    },
    "tensile_condition": {
        "tensile_standard": "ASTM E8 – subsize variant",
        "tensile_temperature": "room temperature",
        "tensile_speed": "0.004 s-1",
        "tensile_direction": null,
        "sample_shape": "The overall length of the samples was 100 mm, 6 mm wide in the gauge length, and 10 mm in the grip section.; ['Fig. 8']"
    },
    "microstructure": {
        "microscope": [],
        "EBSD_image": [],
        "phase_fraction": [
            "martensite (α'),100%",
            "martensite (α'),Partial",
            "retained austenite (γ),Negligible"
        ]
    },
    "tensile_property": {
        "stress_strain_curve": "Fig. 15",
        "yield_strength": "969±48 MPa",
        "ultimate_strength": "1469±8 MPa",
        "fracture_elongation": "5%",
        "uniform_elongation": "NONE",
        "fracture_toughness": "NONE"
    },
    "thermal_process": [
        {
            "temperature": "670 °C",
            "time": "1 hour",
            "cooling_method": "argon cooling",
            "pressure": "NONE",
            "atmosphere": "argon"
        }
    ]
}