{
    "title": "Original ArticleMicrostructure and tensile behaviors for a medium Mn steel with δ-ferrite phase under different annealing temperatures",
    "doi": "j.jmrt.2021.08.067",
    "ref": "https://www.sciencedirect.com/science/article/pii/S2238785421008929?via%3Dihub",
    "sample_id": "j.jmrt.2021.08.067_1",
    "sample_name": "Annealed at 660°C",
    "composition_name": "composition_1",
    "alloy_type": "steel",
    "other_process": "Cold rolling was conducted to an eventual thickness of 1.25 mm with a reduction of 50%. Furthermore, micro-hardness measurements were implemented by Vickers-hardness tester with a holding time of 15 s.",
    "样品状态(删除D，新增A)": null,
    "composition_content": [
        {
            "element": "C",
            "content": "0.055%"
        },
        {
            "element": "Mn",
            "content": "5.9%"
        },
        {
            "element": "Al",
            "content": "1.0%"
        },
        {
            "element": "Si",
            "content": "1.55%"
        },
        {
            "element": "Fe",
            "content": "bal."
        }
    ],
    "printing_parameter": {},
    "tensile_condition": {
        "tensile_standard": "NONE",
        "tensile_temperature": "Room temperature",
        "tensile_speed": "2 × 10− 3 s− 1",
        "tensile_direction": null,
        "sample_shape": "Tensile specimens with a 25 mm gauge length; []"
    },
    "microstructure": {
        "microscope": [],
        "EBSD_image": [],
        "phase_fraction": [
            "α,Austenite:1.2%",
            "Carbide particles"
        ]
    },
    "tensile_property": {
        "stress_strain_curve": "Fig. 4",
        "yield_strength": "NONE",
        "ultimate_strength": "NONE",
        "fracture_elongation": "NONE",
        "uniform_elongation": "NONE",
        "fracture_toughness": "NONE"
    },
    "thermal_process": [
        {
            "temperature": "660 °C",
            "time": "3 min",
            "cooling_method": "water cooling",
            "pressure": "NONE",
            "atmosphere": "NONE"
        }
    ]
}