{
    "title": "Role and mechanism of innovative addition process of trace nano-TiCp in microstructure manipulation and significant mechanical properties enhancement of H13 steels",
    "doi": "j.jmatprotec.2022.117819",
    "ref": "https://www.sciencedirect.com/science/article/pii/S0924013622003302?via%3Dihub",
    "sample_id": "j.jmatprotec.2022.117819_1",
    "sample_name": "NS0",
    "composition_name": "H13 steel",
    "alloy_type": "steel",
    "other_process": "NONE",
    "样品状态(删除D，新增A)": null,
    "composition_content": [
        {
            "element": "C",
            "content": "0.45%"
        },
        {
            "element": "Cr",
            "content": "5.5%"
        },
        {
            "element": "Si",
            "content": "1.2%"
        },
        {
            "element": "V",
            "content": "1.2%"
        },
        {
            "element": "Mo",
            "content": "1.75%"
        },
        {
            "element": "Mn",
            "content": "0.5%"
        },
        {
            "element": "Fe",
            "content": "bal."
        }
    ],
    "printing_parameter": {},
    "tensile_condition": {
        "tensile_standard": "NONE",
        "tensile_temperature": "Room temperature, 450°C",
        "tensile_speed": "0.06 mm/min",
        "tensile_direction": null,
        "sample_shape": "The tensile specimens dimensions are shown in Fig. 1(i).; ['Fig. 1']"
    },
    "microstructure": {
        "microscope": [
            "Fig. 3",
            "Fig. 4",
            "Fig. 5"
        ],
        "EBSD_image": [
            "Fig. 4"
        ],
        "phase_fraction": [
            "tempered martensite,Major phase",
            "retained austenite,Trace",
            "pearlite,Present",
            "M7C3, M23C6"
        ]
    },
    "tensile_property": {
        "stress_strain_curve": "Fig. 6",
        "yield_strength": "1343±11 MPa at room temperature, 892±5 MPa at 450℃",
        "ultimate_strength": "1537±14 MPa at room temperature, 1021±13 MPa at 450℃",
        "fracture_elongation": "11.6±0.2% at room temperature, 29.7±0.5% at 450℃",
        "uniform_elongation": "NONE",
        "fracture_toughness": "320.7 J/cm²"
    },
    "thermal_process": [
        {
            "temperature": "550°C",
            "time": "30 min",
            "cooling_method": "NONE",
            "pressure": "NONE",
            "atmosphere": "NONE"
        },
        {
            "temperature": "850°C",
            "time": "30 min",
            "cooling_method": "NONE",
            "pressure": "NONE",
            "atmosphere": "NONE"
        },
        {
            "temperature": "1040°C",
            "time": "150 min",
            "cooling_method": "Oil quenching",
            "pressure": "NONE",
            "atmosphere": "NONE"
        },
        {
            "temperature": "550°C",
            "time": "NONE",
            "cooling_method": "Tempering",
            "pressure": "NONE",
            "atmosphere": "NONE"
        },
        {
            "temperature": "540°C",
            "time": "NONE",
            "cooling_method": "Tempering",
            "pressure": "NONE",
            "atmosphere": "NONE"
        },
        {
            "temperature": "530°C",
            "time": "NONE",
            "cooling_method": "Tempering",
            "pressure": "NONE",
            "atmosphere": "NONE"
        }
    ]
}