{
    "title": "The significance of phase reversion-induced nanograined/ultrafine-grained structure on the load-controlled deformation response and related mechanism in copper-bearing austenitic stainless steel",
    "doi": "j.jmbbm.2020.103666",
    "ref": "https://www.sciencedirect.com/science/article/pii/S175161611931639X?via%3Dihub",
    "sample_id": "j.jmbbm.2020.103666_1",
    "sample_name": "CG steel",
    "composition_name": "composition_1",
    "alloy_type": "steel",
    "other_process": "hot rolled, cold rolled to 66.7% reduction",
    "样品状态(删除D，新增A)": null,
    "composition_content": [
        {
            "element": "C",
            "content": "0.023%"
        },
        {
            "element": "Si",
            "content": "0.55%"
        },
        {
            "element": "Mn",
            "content": "0.85%"
        },
        {
            "element": "Cr",
            "content": "17.40%"
        },
        {
            "element": "Ni",
            "content": "7.32%"
        },
        {
            "element": "Cu",
            "content": "3.15%"
        },
        {
            "element": "S",
            "content": "0.011%"
        },
        {
            "element": "P",
            "content": "0.025%"
        },
        {
            "element": "Fe",
            "content": "bal."
        }
    ],
    "printing_parameter": {},
    "tensile_condition": {
        "tensile_standard": "ASTM E8",
        "tensile_temperature": "room temperature",
        "tensile_speed": "NONE",
        "tensile_direction": null,
        "sample_shape": "NOT SPECIFIED; []"
    },
    "microstructure": {
        "microscope": [
            "Fig. 1"
        ],
        "EBSD_image": [],
        "phase_fraction": [
            "γ (austenite),Major phase",
            "α' (martensite),Strain-induced"
        ]
    },
    "tensile_property": {
        "stress_strain_curve": "Fig. 2",
        "yield_strength": "297 MPa",
        "ultimate_strength": "NONE",
        "fracture_elongation": "68%",
        "uniform_elongation": "NONE",
        "fracture_toughness": "NONE"
    },
    "thermal_process": [
        {
            "temperature": "950 °C",
            "time": "100 s",
            "cooling_method": "NONE",
            "pressure": "NONE",
            "atmosphere": "NONE"
        }
    ]
}