{
    "title": "Effect of a quenching–long partitioning treatment on the microstructure and mechanical properties of a 0.2C% bainitic steel",
    "doi": "j.jmatprotec.2015.03.010",
    "ref": "https://www.sciencedirect.com/science/article/pii/S0924013615001041?via%3Dihub",
    "sample_id": "j.jmatprotec.2015.03.010_1",
    "sample_name": "Water Q-T",
    "composition_name": "composition_1",
    "alloy_type": "steel",
    "other_process": "Standard tensile sheet specimens and Charpy V-notch impact specimens were cut from the billets by wire electrical discharge machining.",
    "样品状态(删除D，新增A)": null,
    "composition_content": [
        {
            "element": "C",
            "content": "0.2%"
        },
        {
            "element": "Mn",
            "content": "2.2%"
        },
        {
            "element": "Si",
            "content": "1.3%"
        },
        {
            "element": "Cr",
            "content": "1.1%"
        },
        {
            "element": "Mo",
            "content": "0.25%"
        },
        {
            "element": "Ni",
            "content": "0.25%"
        },
        {
            "element": "Fe",
            "content": "bal."
        }
    ],
    "printing_parameter": {},
    "tensile_condition": {
        "tensile_standard": "NONE",
        "tensile_temperature": "Room temperature",
        "tensile_speed": "NONE",
        "tensile_direction": null,
        "sample_shape": "The specimens for the tensile test were standard tensile sheet specimens with dimensions of 4 mm in thickness, 8 mm in width, and a gauge length of 30 mm.; []"
    },
    "microstructure": {
        "microscope": [
            "Fig. 2",
            "Fig. 7"
        ],
        "EBSD_image": [],
        "phase_fraction": [
            "martensite,100%"
        ]
    },
    "tensile_property": {
        "stress_strain_curve": null,
        "yield_strength": "1103 MPa",
        "ultimate_strength": "1400 MPa",
        "fracture_elongation": "12.1%",
        "uniform_elongation": "NONE",
        "fracture_toughness": "86.9 J/cm^2"
    },
    "thermal_process": [
        {
            "temperature": "900℃",
            "time": "20min",
            "cooling_method": "water quenching",
            "pressure": "NONE",
            "atmosphere": "NONE"
        },
        {
            "temperature": "200 °C",
            "time": "60 min",
            "cooling_method": "air cooling",
            "pressure": "NONE",
            "atmosphere": "NONE"
        }
    ]
}