{
    "title": "Austenite transformation associated with δ-ferrite phase in a medium-Mn steel after cold-rolling and intercritical annealing",
    "doi": "j.jmatprotec.2022.117632",
    "ref": "https://www.sciencedirect.com/science/article/pii/S0924013622001443?via%3Dihub",
    "sample_id": "j.jmatprotec.2022.117632_1",
    "sample_name": "CR50-IA",
    "composition_name": "composition_1",
    "alloy_type": "steel",
    "other_process": "The hot-rolled plates were cut parallel to the rolling plane into small plates with different thicknesses, and then cold-rolled with a thickness reduction of 50% to an ultimate thickness of about 1 mm.",
    "样品状态(删除D，新增A)": null,
    "composition_content": [
        {
            "element": "C",
            "content": "0.055%"
        },
        {
            "element": "Mn",
            "content": "5.9%"
        },
        {
            "element": "Si",
            "content": "1.55%"
        },
        {
            "element": "Al",
            "content": "1.0%"
        },
        {
            "element": "Fe",
            "content": "bal."
        }
    ],
    "printing_parameter": {},
    "tensile_condition": {
        "tensile_standard": "NONE",
        "tensile_temperature": "Room temperature",
        "tensile_speed": "2 × 10− 3 s− 1",
        "tensile_direction": null,
        "sample_shape": "The gauge length parallel to the rolling direction and gauge width of the tensile specimens are 25 mm and 10 mm, respectively; ['Fig. 8']"
    },
    "microstructure": {
        "microscope": [
            "Fig. 4",
            "Fig. 10",
            "Fig. 13"
        ],
        "EBSD_image": [
            "Fig. 6",
            "Fig. 10",
            "Fig. 13"
        ],
        "phase_fraction": [
            "α (ferrite),Traces",
            "γ (austenite),15.4%",
            "δ (ferrite),Traces",
            "κ-carbide ((Fe, Mn)3AlC)"
        ]
    },
    "tensile_property": {
        "stress_strain_curve": "Fig. 8",
        "yield_strength": "NONE",
        "ultimate_strength": "1002 MPa",
        "fracture_elongation": "25.2%",
        "uniform_elongation": "NONE",
        "fracture_toughness": "NONE"
    },
    "thermal_process": [
        {
            "temperature": "700 °C",
            "time": "3 min",
            "cooling_method": "water cooling",
            "pressure": "NONE",
            "atmosphere": "NONE"
        }
    ]
}