{
    "title": "Polylactic acid as biobased binder for the production of 3D printing filaments for Ti6Al4V alloy manufacturing via bound metal deposition",
    "doi": "j.jmrt.2023.09.227",
    "ref": "https://www.sciencedirect.com/science/article/pii/S2238785423023517?via%3Dihub",
    "sample_id": "j.jmrt.2023.09.227_1",
    "sample_name": "3D printed sintered Ti6Al4V sample",
    "composition_name": "Titanium Ti64",
    "alloy_type": "titanium",
    "other_process": "extrusion of filaments, 3D printing",
    "样品状态(删除D，新增A)": null,
    "composition_content": [
        {
            "element": "Ti",
            "content": "bal."
        },
        {
            "element": "Al",
            "content": "6%"
        },
        {
            "element": "V",
            "content": "4%"
        }
    ],
    "printing_parameter": {},
    "tensile_condition": {
        "tensile_standard": "ASTM E8/E8M",
        "tensile_temperature": "room temperature",
        "tensile_speed": "5 mm/min",
        "tensile_direction": null,
        "sample_shape": "Type V tensile test specimens (having dimension 63.5 × 3.18 × 3.5 mm according to ASTM D638)"
    },
    "microstructure": {
        "microscope": [
            "Fig. 7",
            "Fig. 8",
            "Fig. 9"
        ],
        "EBSD_image": [
            "NONE"
        ],
        "phase_fraction": [
            "α (ferrite),Major phase",
            "β (none specified),Intergranular β phase"
        ]
    },
    "tensile_property": {
        "stress_strain_curve": "Fig. 10",
        "yield_strength": "662.4±12.2 MPa",
        "ultimate_strength": "742.6±14.1 MPa",
        "fracture_elongation": "12.3±1.3%",
        "uniform_elongation": "NONE",
        "fracture_toughness": "NONE"
    },
    "thermal_process": [
        {
            "temperature": "NONE",
            "time": "NONE",
            "cooling_method": "NONE",
            "pressure": "NONE",
            "atmosphere": "NONE"
        }
    ]
}