{
    "title": "Original ArticleMicrostructural investigation of direct laser deposition of the Ti–6Al–4V alloy by different melt pool protection conditions",
    "doi": "j.jmrt.2021.04.087",
    "ref": "https://www.sciencedirect.com/science/article/pii/S2238785421004312?via%3Dihub",
    "sample_id": "j.jmrt.2021.04.087_1",
    "sample_name": "Condition B",
    "composition_name": "PREP Ti–6Al–4V powder",
    "alloy_type": "titanium",
    "other_process": "NONE",
    "样品状态(删除D，新增A)": null,
    "composition_content": [
        {
            "element": "Al",
            "content": "6.35%"
        },
        {
            "element": "V",
            "content": "3.76%"
        },
        {
            "element": "O",
            "content": "0.14%"
        },
        {
            "element": "N",
            "content": "0.02%"
        },
        {
            "element": "C",
            "content": "0.02%"
        },
        {
            "element": "H",
            "content": "0.005%"
        },
        {
            "element": "Fe",
            "content": "0.18%"
        },
        {
            "element": "Ti",
            "content": "bal."
        }
    ],
    "printing_parameter": {},
    "tensile_condition": {
        "tensile_standard": "DIN EN 2002-001:2006-11",
        "tensile_temperature": "Room temperature",
        "tensile_speed": "NONE",
        "tensile_direction": null,
        "sample_shape": "Geometry of micro-specimen was designed on the basis of standard DIN EN 2002-001:2006-11; ['Fig. 4']"
    },
    "microstructure": {
        "microscope": [
            "Fig. 8",
            "Fig. 9"
        ],
        "EBSD_image": [],
        "phase_fraction": [
            "basketweave (α+β),Majority"
        ]
    },
    "tensile_property": {
        "stress_strain_curve": "Fig. 21",
        "yield_strength": "890±5 MPa",
        "ultimate_strength": "1042±25 MPa",
        "fracture_elongation": "13.2%",
        "uniform_elongation": "NONE",
        "fracture_toughness": "NONE"
    },
    "thermal_process": []
}