{
    "title": "Role and mechanism of innovative addition process of trace nano-TiCp in microstructure manipulation and significant mechanical properties enhancement of H13 steels",
    "doi": "j.jmatprotec.2022.117819",
    "ref": "https://www.sciencedirect.com/science/article/pii/S0924013622003302?via%3Dihub",
    "sample_id": "j.jmatprotec.2022.117819_2",
    "sample_name": "NS1",
    "composition_name": "H13 steel + TiC nanoparticles",
    "alloy_type": "alloy",
    "other_process": "NONE",
    "样品状态(删除D，新增A)": null,
    "composition_content": [
        {
            "element": "Al",
            "content": "70%"
        },
        {
            "element": "Ti",
            "content": "30%"
        },
        {
            "element": "C",
            "content": "bal."
        }
    ],
    "printing_parameter": {},
    "tensile_condition": {
        "tensile_standard": "NONE",
        "tensile_temperature": "Room temperature, 450°C",
        "tensile_speed": "0.06 mm/min",
        "tensile_direction": null,
        "sample_shape": "The tensile specimens dimensions are shown in Fig. 1(i).; ['Fig. 1']"
    },
    "microstructure": {
        "microscope": [
            "Fig. 3",
            "Fig. 4"
        ],
        "EBSD_image": [
            "Fig. 4"
        ],
        "phase_fraction": [
            "tempered martensite,Major phase",
            "retained austenite,Trace",
            "pearlite,Present",
            "M7C3, M23C6"
        ]
    },
    "tensile_property": {
        "stress_strain_curve": "Fig. 6",
        "yield_strength": "1400±9 MPa at room temperature, 926±7 MPa at 450℃",
        "ultimate_strength": "1731±17 MPa at room temperature, 1057±8 MPa at 450℃",
        "fracture_elongation": "14.7±0.7% at room temperature, 35.1±0.5% at 450℃",
        "uniform_elongation": "NONE",
        "fracture_toughness": "351.7 J/cm²"
    },
    "thermal_process": [
        {
            "temperature": "550°C",
            "time": "30 min",
            "cooling_method": "NONE",
            "pressure": "NONE",
            "atmosphere": "NONE"
        },
        {
            "temperature": "850°C",
            "time": "30 min",
            "cooling_method": "NONE",
            "pressure": "NONE",
            "atmosphere": "NONE"
        },
        {
            "temperature": "1040°C",
            "time": "150 min",
            "cooling_method": "Oil quenching",
            "pressure": "NONE",
            "atmosphere": "NONE"
        },
        {
            "temperature": "550°C",
            "time": "NONE",
            "cooling_method": "Tempering",
            "pressure": "NONE",
            "atmosphere": "NONE"
        },
        {
            "temperature": "540°C",
            "time": "NONE",
            "cooling_method": "Tempering",
            "pressure": "NONE",
            "atmosphere": "NONE"
        },
        {
            "temperature": "530°C",
            "time": "NONE",
            "cooling_method": "Tempering",
            "pressure": "NONE",
            "atmosphere": "NONE"
        }
    ]
}