{
    "title": "Process parameter optimization and mechanical properties for additively manufactured stainless steel 316L parts by selective electron beam melting",
    "doi": "j.matdes.2018.03.035",
    "ref": "https://www.sciencedirect.com/science/article/pii/S0264127518302144?via%3Dihub",
    "sample_id": "j.matdes.2018.03.035_1",
    "sample_name": "S5",
    "composition_name": "SS316L",
    "alloy_type": "steel",
    "other_process": "powder distribution",
    "样品状态(删除D，新增A)": null,
    "composition_content": [
        {
            "element": "Ni",
            "content": "11.8%"
        },
        {
            "element": "Cr",
            "content": "17.1%"
        },
        {
            "element": "Mo",
            "content": "2.3%"
        },
        {
            "element": "Mn",
            "content": "0.4%"
        },
        {
            "element": "C",
            "content": "0.02%"
        },
        {
            "element": "Si",
            "content": "0.8%"
        },
        {
            "element": "Fe",
            "content": "bal."
        }
    ],
    "printing_parameter": {
        "equipment": "EBM A2XX system (Arcam EBM, Sweden)",
        "laser_power": "NONE",
        "beam_current": "optimized mA",
        "accelerating_voltage": "NONE",
        "scan_speed": "NONE",
        "layer_thickness": "50 µm",
        "hatch_spacing": "100 µm",
        "rotation_angle": "90°",
        "scan_strategy": "interlayer cross snake-shaped scan line"
    },
    "tensile_condition": {
        "tensile_standard": "NONE",
        "tensile_temperature": "Room temperature",
        "tensile_speed": "0.2 mm/min",
        "tensile_direction": null,
        "sample_shape": "The plate-type tensile coupons extracted from 30 × 30 × 20 mm3 bulk samples were machined to a dimension of 30 × 10 × 3 mm3 for horizontal tensile coupons and 15 × 10 × 3 mm3 for vertical tensile coupons, with the respective gauge lengths of 10 mm and 5 mm; ['Fig.2 (b)']"
    },
    "microstructure": {
        "microscope": [
            "Fig. 6"
        ],
        "EBSD_image": [
            "NONE"
        ],
        "phase_fraction": [
            "γ (austenite),100%"
        ]
    },
    "tensile_property": {
        "stress_strain_curve": "Fig. 8",
        "yield_strength": "334.2±15.5 MPa (H), 395.8±9.0 MPa (V)",
        "ultimate_strength": "571.8±19.3 MPa (H), 651.7±8.5 MPa (V)",
        "fracture_elongation": "29.3±5.2% (H), 30.6±3.0% (V)",
        "uniform_elongation": "NONE",
        "fracture_toughness": "NONE"
    },
    "thermal_process": [
        {
            "temperature": "NONE",
            "time": "NONE",
            "cooling_method": "slow cooling",
            "pressure": "NONE",
            "atmosphere": "NONE"
        }
    ]
}