{
    "title": "Role of geometry on properties of additively manufactured Ti-6Al-4V structures fabricated using laser based directed energy deposition",
    "doi": "j.matdes.2016.05.045",
    "ref": "https://www.sciencedirect.com/science/article/pii/S0264127516306499?via%3Dihub",
    "sample_id": "j.matdes.2016.05.045_11",
    "sample_name": "C-shape thin wall (100 mm, Longitudinal)",
    "composition_name": "Grade 5 Titanium",
    "alloy_type": "titanium",
    "other_process": "NONE",
    "样品状态(删除D，新增A)": "A",
    "composition_content": [
        {
            "element": "Al",
            "content": "6.2%"
        },
        {
            "element": "V",
            "content": "4.0%"
        },
        {
            "element": "Fe",
            "content": "0.17%"
        },
        {
            "element": "C",
            "content": "0.018%"
        },
        {
            "element": "H",
            "content": "0.0022%"
        },
        {
            "element": "N",
            "content": "0.009%"
        },
        {
            "element": "O",
            "content": "0.173%"
        },
        {
            "element": "Ti",
            "content": "bal."
        }
    ],
    "printing_parameter": {},
    "tensile_condition": {
        "tensile_standard": "ASTM E8",
        "tensile_temperature": "room temperature",
        "tensile_speed": "0.005 min−1",
        "tensile_direction": null,
        "sample_shape": "Each sample had a gage diameter of 1.54 mm ± 0.04 mm and a gage length of 6.35 mm. The flat tensile samples from these wall structures were machined with gage dimensions of 1.5 mm × 1.5 mm × 13 mm."
    },
    "microstructure": {
        "microscope": [
            "Fig. 10"
        ],
        "EBSD_image": [],
        "phase_fraction": [
            "α＋β"
        ]
    },
    "tensile_property": {
        "stress_strain_curve": null,
        "yield_strength": "910 ± 17 MPa",
        "ultimate_strength": "1035 ± 18 MPa",
        "fracture_elongation": "13 ± 2%",
        "uniform_elongation": "NONE",
        "fracture_toughness": "NONE"
    },
    "thermal_process": []
}