{
    "title": "Completely wetted ɑ/ɑ grain boundaries in electro-pulsing treated DP600 steel under different cooling conditions",
    "doi": "j.matlet.2019.05.147",
    "ref": "https://www.sciencedirect.com/science/article/pii/S0167577X1930864X?via%3Dihub",
    "sample_id": "j.matlet.2019.05.147_2",
    "sample_name": "EPW",
    "composition_name": "DP600 steel",
    "alloy_type": "steel",
    "other_process": "The temperature of electro-pulsing treatment is measured to be 792 °C by TBSC Infrared Thermometer Gun.",
    "样品状态(删除D，新增A)": null,
    "composition_content": [
        {
            "element": "C",
            "content": "0.07%"
        },
        {
            "element": "Mn",
            "content": "1.30%"
        },
        {
            "element": "Si",
            "content": "0.20%"
        },
        {
            "element": "Al",
            "content": "0.04%"
        },
        {
            "element": "P",
            "content": "0.015%"
        },
        {
            "element": "S",
            "content": "0.001%"
        },
        {
            "element": "Fe",
            "content": "bal."
        }
    ],
    "printing_parameter": {
        "equipment": "none",
        "laser_power": "none",
        "beam_current": "none",
        "accelerating_voltage": "none",
        "scan_speed": "none",
        "layer_thickness": "none",
        "hatch_spacing": "none",
        "rotation_angle": "none",
        "scan_strategy": "none"
    },
    "tensile_condition": {
        "tensile_standard": "none",
        "tensile_temperature": "Room temperature",
        "tensile_speed": "0.2 mm/min",
        "tensile_strategy": "Constant crosshead speed",
        "sample_shape": "none"
    },
    "microstructure": {
        "microscope": [
            "Fig. 1"
        ],
        "EBSD_image": [
            "none"
        ],
        "phase_fraction": [
            "Ferrites，Refined Blocky Martensites：56.13%"
        ]
    },
    "tensile_property": {
        "stress_strain_curve": "Fig. 3",
        "yield_strength": "937 MPa",
        "ultimate_strength": "1080 MPa",
        "fracture_elongation": "11.18%",
        "uniform_elongation": "none",
        "fracture_toughness": "none"
    },
    "thermal_process": [
        {
            "temperature": "900 °C",
            "time": "6 min",
            "cooling_method": "furnace cooling",
            "pressure": "none",
            "atmosphere": "none"
        },
        {
            "temperature": "792 °C",
            "time": "none",
            "cooling_method": "water-cooling",
            "pressure": "none",
            "atmosphere": "none"
        }
    ]
}