{
    "title": "Effect of scanning strategy on the microstructure, texture, and mechanical properties of 15-5PH stainless steel processed by selective laser melting",
    "doi": "j.matchar.2021.111012",
    "ref": "https://www.sciencedirect.com/science/article/pii/S104458032100142X?via%3Dihub",
    "sample_id": "j.matchar.2021.111012_3",
    "sample_name": "Sample C",
    "composition_name": "15-5PH powder",
    "alloy_type": "steel",
    "other_process": "NONE",
    "样品状态(删除D，新增A)": "D",
    "composition_content": [
        {
            "element": "Fe",
            "content": "bal."
        },
        {
            "element": "Cr",
            "content": "14.2%"
        },
        {
            "element": "Ni",
            "content": "3.93%"
        },
        {
            "element": "Cu",
            "content": "3.74%"
        },
        {
            "element": "Nb",
            "content": "0.35%"
        },
        {
            "element": "Mn",
            "content": "0.63%"
        },
        {
            "element": "Si",
            "content": "0.56%"
        },
        {
            "element": "C",
            "content": "0.017%"
        },
        {
            "element": "P",
            "content": "0.03%"
        },
        {
            "element": "S",
            "content": "0.003%"
        },
        {
            "element": "N",
            "content": "0.047%"
        },
        {
            "element": "O",
            "content": "0.032%"
        }
    ],
    "printing_parameter": {
        "equipment": "commercial SLM equipment with a Yb–YAG laser",
        "laser_power": "200 W",
        "beam_current": "NONE",
        "accelerating_voltage": "NONE",
        "scan_speed": "900 mm/s",
        "layer_thickness": "30 µm",
        "hatch_spacing": "90 µm",
        "rotation_angle": "90°",
        "scan_strategy": "cross-directional scanning"
    },
    "tensile_condition": {
        "tensile_standard": "NONE",
        "tensile_temperature": "room temperature",
        "tensile_speed": "6 × 10−4/s",
        "tensile_direction": null,
        "sample_shape": "gauge length: 15 mm (extracted from the use of a 15 mm gauge extensometer); ['Fig. 2']"
    },
    "microstructure": {
        "microscope": [
            "Fig. 4",
            "Fig. 5"
        ],
        "EBSD_image": [
            "Fig. 6",
            "Fig. 7",
            "Fig. 10",
            "Fig. 11"
        ],
        "phase_fraction": [
            "α' (martensite),95.34%",
            "γ (austenite),4.66%"
        ]
    },
    "tensile_property": {
        "stress_strain_curve": null,
        "yield_strength": "870±6 MPa",
        "ultimate_strength": "1180±8 MPa",
        "fracture_elongation": "18.7%",
        "uniform_elongation": "NONE",
        "fracture_toughness": "NONE"
    },
    "thermal_process": []
}