{
    "title": "Tensile and high cycle fatigue behaviors of high-Mn steels at 298 and 110 K",
    "doi": "j.matchar.2016.12.001",
    "ref": "https://www.sciencedirect.com/science/article/pii/S1044580316311597?via%3Dihub",
    "sample_id": "j.matchar.2016.12.001_4",
    "sample_name": "24Mn4Cr",
    "composition_name": "24Mn4Cr",
    "alloy_type": "steel",
    "other_process": "polished and etched by using a 2% nital solution for 50 s",
    "样品状态(删除D，新增A)": null,
    "composition_content": [
        {
            "element": "Mn",
            "content": "24%"
        },
        {
            "element": "Al",
            "content": "NONE"
        },
        {
            "element": "Cu",
            "content": "NONE"
        },
        {
            "element": "Cr",
            "content": "4%"
        },
        {
            "element": "Fe",
            "content": "bal."
        }
    ],
    "printing_parameter": {},
    "tensile_condition": {
        "tensile_standard": "ASTM E466",
        "tensile_temperature": "298 K, 110 K",
        "tensile_speed": "10−3/s",
        "tensile_direction": null,
        "sample_shape": "Flat tensile specimens and hour-glass typed, fatigue specimens were prepared from each sheet with the tensile axis parallel to the longitudinal (L) direction.; ['Fig. 2']"
    },
    "microstructure": {
        "microscope": [
            "Fig. 1"
        ],
        "EBSD_image": [],
        "phase_fraction": [
            "γ (austenite),Major phase",
            "α' (martensite),Formed during tensile deformation at 110 K"
        ]
    },
    "tensile_property": {
        "stress_strain_curve": null,
        "yield_strength": "499 MPa at 298 K, 778 MPa at 110 K",
        "ultimate_strength": "982 MPa at 298 K, 1404 MPa at 110 K",
        "fracture_elongation": "72 % at 298 K, 56 % at 110 K",
        "uniform_elongation": "NONE",
        "fracture_toughness": "NONE"
    },
    "thermal_process": [
        {
            "temperature": "NONE",
            "time": "NONE",
            "cooling_method": "NONE",
            "pressure": "NONE",
            "atmosphere": "NONE"
        }
    ]
}