{
    "title": "Effect of CaF2 addition on macro/microstructures and mechanical properties of wire and arc additive manufactured Ti-6Al-4V components",
    "doi": "j.matlet.2016.12.128",
    "ref": "https://www.sciencedirect.com/science/article/pii/S0167577X16320146?via%3Dihub",
    "sample_id": "j.matlet.2016.12.128_2",
    "sample_name": "Modified",
    "composition_name": "Ti-6Al-4V",
    "alloy_type": "titanium",
    "other_process": "To produce a paint prior to each deposition, CaF2 was mixed with acetone and coated on the top surface of building manually with a brush till the overlay was thick enough to observe the deposition visually.",
    "样品状态(删除D，新增A)": null,
    "composition_content": [
        {
            "element": "none",
            "content": null
        }
    ],
    "printing_parameter": {
        "equipment": "none",
        "laser_power": "none",
        "beam_current": "none",
        "accelerating_voltage": "none",
        "scan_speed": "none",
        "layer_thickness": "none",
        "hatch_spacing": "none",
        "rotation_angle": "none",
        "scan_strategy": "none"
    },
    "tensile_condition": {
        "tensile_standard": "none",
        "tensile_temperature": "Room temperature",
        "tensile_speed": "none",
        "tensile_strategy": "none",
        "sample_shape": "none"
    },
    "microstructure": {
        "microscope": [
            "Fig. 2"
        ],
        "EBSD_image": [
            "none"
        ],
        "phase_fraction": [
            "α-laths: shorter and more equiaxed, β volume fraction: 33%",
            "CaF2",
            "compounds are composed of titanium, aluminum, vanadium and trace calcium"
        ]
    },
    "tensile_property": {
        "stress_strain_curve": "none",
        "yield_strength": "none",
        "ultimate_strength": "955 ± 5 MPa",
        "fracture_elongation": "3.7 ± 0.2%",
        "uniform_elongation": "none",
        "fracture_toughness": "none"
    },
    "thermal_process": []
}