{
    "title": "Improved creep strength of 10% Cr steels with low N and high B content via increasing quenching temperature",
    "doi": "j.matchar.2024.113957",
    "ref": "https://www.sciencedirect.com/science/article/pii/S1044580324003383?via%3Dihub",
    "sample_id": "j.matchar.2024.113957_1",
    "sample_name": "10Cr3W0.2Cu_1050_770",
    "composition_name": "10Cr3W0.2Cu",
    "alloy_type": "steel",
    "other_process": "NONE",
    "样品状态(删除D，新增A)": null,
    "composition_content": [
        {
            "element": "Fe",
            "content": "bal."
        },
        {
            "element": "C",
            "content": "0.11%"
        },
        {
            "element": "Cr",
            "content": "9.9%"
        },
        {
            "element": "Co",
            "content": "3.2%"
        },
        {
            "element": "Mo",
            "content": "0.1%"
        },
        {
            "element": "W",
            "content": "2.9%"
        },
        {
            "element": "V",
            "content": "0.23%"
        },
        {
            "element": "Nb",
            "content": "0.07%"
        },
        {
            "element": "B",
            "content": "0.008%"
        },
        {
            "element": "N",
            "content": "0.002%"
        },
        {
            "element": "Si",
            "content": "0.20%"
        },
        {
            "element": "Mn",
            "content": "0.20%"
        },
        {
            "element": "Ni",
            "content": "0.20%"
        },
        {
            "element": "Cu",
            "content": "0.22%"
        },
        {
            "element": "Re",
            "content": "0.17%"
        }
    ],
    "printing_parameter": {},
    "tensile_condition": {
        "tensile_standard": "NONE",
        "tensile_temperature": "room temperature",
        "tensile_speed": "NONE",
        "tensile_direction": null,
        "sample_shape": "flat specimens with a gage length of 27 mm and a cross section of 7 mm × 3 mm; []"
    },
    "microstructure": {
        "microscope": [
            "Fig. 3"
        ],
        "EBSD_image": [
            "Fig. 2"
        ],
        "phase_fraction": [
            "α',97.8%",
            "Nb-rich MX,0.026%",
            "V-rich MX,0.0037%",
            "M23C6,2.05%",
            "Laves,trace",
            "M23C6",
            "NbX",
            "VX"
        ]
    },
    "tensile_property": {
        "stress_strain_curve": "Fig. 7",
        "yield_strength": "560±10 MPa",
        "ultimate_strength": "710±10 MPa",
        "fracture_elongation": "15±5%",
        "uniform_elongation": "NONE",
        "fracture_toughness": "NONE"
    },
    "thermal_process": [
        {
            "temperature": "1150 °C",
            "time": "16 h",
            "cooling_method": "cooled in air",
            "pressure": "NONE",
            "atmosphere": "NONE"
        },
        {
            "temperature": "1150 °C",
            "time": "1 h",
            "cooling_method": "cooled in air",
            "pressure": "NONE",
            "atmosphere": "NONE"
        },
        {
            "temperature": "1050 °C",
            "time": "1 h",
            "cooling_method": "cooled in air",
            "pressure": "NONE",
            "atmosphere": "NONE"
        },
        {
            "temperature": "770 °C",
            "time": "3 h",
            "cooling_method": "cooled in air",
            "pressure": "NONE",
            "atmosphere": "NONE"
        }
    ]
}