{
    "title": "Hot deformation behaviour and fracture of 10CrMoWNb ferritic–martensitic steel",
    "doi": "j.matdes.2015.02.023",
    "ref": "https://www.sciencedirect.com/science/article/pii/S0261306915000692?via%3Dihub",
    "sample_id": "j.matdes.2015.02.023_1",
    "sample_name": "Sample_1",
    "composition_name": "composition_1",
    "alloy_type": "steel",
    "other_process": "compression tests were cylinders with a diameter of 10 mm and a height of 15 mm, while the specimens for the tension tests were cylinders with a diameter of 6 mm and a length of 110 mm",
    "样品状态(删除D，新增A)": null,
    "composition_content": [
        {
            "element": "C",
            "content": "0.15%"
        },
        {
            "element": "Mn",
            "content": "0.59%"
        },
        {
            "element": "Si",
            "content": "1.12%"
        },
        {
            "element": "S",
            "content": "0.002%"
        },
        {
            "element": "P",
            "content": "0.01%"
        },
        {
            "element": "Cr",
            "content": "10.40%"
        },
        {
            "element": "Ni",
            "content": "0.65%"
        },
        {
            "element": "Mo",
            "content": "0.62%"
        },
        {
            "element": "W",
            "content": "0.55%"
        },
        {
            "element": "V",
            "content": "0.24%"
        },
        {
            "element": "Ti",
            "content": "0.003%"
        },
        {
            "element": "N",
            "content": "0.04%"
        },
        {
            "element": "Al",
            "content": "0.09%"
        },
        {
            "element": "Nb",
            "content": "0.24%"
        },
        {
            "element": "B",
            "content": "0.006%"
        },
        {
            "element": "Fe",
            "content": "bal."
        }
    ],
    "printing_parameter": {},
    "tensile_condition": {
        "tensile_standard": "NONE",
        "tensile_temperature": "900–1200 °C or 1275–1350 °C",
        "tensile_speed": "0.1, 1, or 10 s−1",
        "tensile_direction": null,
        "sample_shape": "The specimens for the tension tests were cylinders with a diameter of 6 mm and a length of 110 mm; ['Fig. 10']"
    },
    "microstructure": {
        "microscope": [
            "Fig. 6"
        ],
        "EBSD_image": [
            "Fig. 7"
        ],
        "phase_fraction": [
            "ferrite,10±2%",
            "austenite,majority phase",
            "Nb7B4C4"
        ]
    },
    "tensile_property": {
        "stress_strain_curve": "Fig. 9",
        "yield_strength": "NONE",
        "ultimate_strength": "NONE",
        "fracture_elongation": "NONE",
        "uniform_elongation": "NONE",
        "fracture_toughness": "NONE"
    },
    "thermal_process": [
        {
            "temperature": "1250 °C",
            "time": "5 min",
            "cooling_method": "cooled to the deformation temperature (900–1200 °C) or heated to a temperature in the range of 1275–1350 °C at the rate of 5 °C/s",
            "pressure": "NONE",
            "atmosphere": "NONE"
        }
    ]
}