{
    "title": "Ductile-brittle transition of carbon alloyed Fe40Mn40Co10Cr10 high entropy alloys",
    "doi": "j.matlet.2018.10.144",
    "ref": "https://www.sciencedirect.com/science/article/pii/S0167577X18317257?via%3Dihub",
    "sample_id": "j.matlet.2018.10.144_3",
    "sample_name": "C0 at 77K",
    "composition_name": "C0",
    "alloy_type": "Fe-Mn-Co-Cr alloy",
    "other_process": "none",
    "样品状态(删除D，新增A)": null,
    "composition_content": [
        {
            "element": "Fe",
            "content": "40%"
        },
        {
            "element": "Mn",
            "content": "40%"
        },
        {
            "element": "Co",
            "content": "10%"
        },
        {
            "element": "Cr",
            "content": "10%"
        },
        {
            "element": "C",
            "content": "0%"
        }
    ],
    "printing_parameter": {
        "equipment": "none",
        "laser_power": "none",
        "beam_current": "none",
        "accelerating_voltage": "none",
        "scan_speed": "none",
        "layer_thickness": "none",
        "hatch_spacing": "none",
        "rotation_angle": "none",
        "scan_strategy": "none"
    },
    "tensile_condition": {
        "tensile_standard": "none",
        "tensile_temperature": "77 K",
        "tensile_speed": "1 × 10−3 s−1",
        "tensile_strategy": "none",
        "sample_shape": "Flat dog-bone shape specimens with gauge dimensions of 10 mm × 2 mm × 2 mm"
    },
    "microstructure": {
        "microscope": [
            "none"
        ],
        "EBSD_image": [
            "none"
        ],
        "phase_fraction": [
            "FCC: 100%"
        ]
    },
    "tensile_property": {
        "stress_strain_curve": "Fig. 1",
        "yield_strength": "none",
        "ultimate_strength": "none",
        "fracture_elongation": "69.5%",
        "uniform_elongation": "none",
        "fracture_toughness": "none"
    },
    "thermal_process": []
}