{
    "title": "Short CommunicationStress relaxation and its effect on tensile deformation of steels",
    "doi": "j.matdes.2013.05.088",
    "ref": "https://www.sciencedirect.com/science/article/pii/S0261306913005207?via%3Dihub",
    "sample_id": "j.matdes.2013.05.088_2",
    "sample_name": "DP steel",
    "composition_name": "NONE",
    "alloy_type": "steel",
    "other_process": "The specimens were prepared according to ASTM: E8 standard along the rolling direction.",
    "样品状态(删除D，新增A)": null,
    "composition_content": [
        {
            "element": "Fe",
            "content": "bal."
        }
    ],
    "printing_parameter": {},
    "tensile_condition": {
        "tensile_standard": "ASTM E8",
        "tensile_temperature": "Room temperature",
        "tensile_speed": "10−2 s−1 and 10−1 s−1",
        "tensile_direction": null,
        "sample_shape": "The specimens were prepared according to ASTM: E8 standard along the rolling direction.; []"
    },
    "microstructure": {
        "microscope": [],
        "EBSD_image": [],
        "phase_fraction": [
            "ferrite (α),Majority phase",
            "retained austenite (γ)"
        ]
    },
    "tensile_property": {
        "stress_strain_curve": "Fig. 1",
        "yield_strength": "NONE",
        "ultimate_strength": "NONE",
        "fracture_elongation": "NONE",
        "uniform_elongation": "NONE",
        "fracture_toughness": "NONE"
    },
    "thermal_process": []
}