{
    "title": "Short CommunicationRole of severe plastic deformation on the formation of nanograins and nano-sized precipitates in Fe–Ni–Mn steel",
    "doi": "j.matdes.2011.02.018",
    "ref": "https://www.sciencedirect.com/science/article/pii/S0261306911000963?via%3Dihub",
    "sample_id": "j.matdes.2011.02.018_1",
    "sample_name": "solution-annealed steel",
    "composition_name": "composition_1",
    "alloy_type": "steel",
    "other_process": "NONE",
    "样品状态(删除D，新增A)": null,
    "composition_content": [
        {
            "element": "Fe",
            "content": "bal."
        },
        {
            "element": "Ni",
            "content": "10.35%"
        },
        {
            "element": "Mn",
            "content": "6.88%"
        }
    ],
    "printing_parameter": {},
    "tensile_condition": {
        "tensile_standard": "JIS-Z2201",
        "tensile_temperature": "Room temperature",
        "tensile_speed": "1 mm/min",
        "tensile_direction": null,
        "sample_shape": "Tensile test pieces of 2 × 2.5 × 9.8 (mm) were machined from the as-deformed steels according to JIS-Z2201 standard"
    },
    "microstructure": {
        "microscope": [
            "Fig. 2"
        ],
        "EBSD_image": [],
        "phase_fraction": [
            "α',100%"
        ]
    },
    "tensile_property": {
        "stress_strain_curve": "Fig. 3",
        "yield_strength": "NONE",
        "ultimate_strength": "NONE",
        "fracture_elongation": "NONE",
        "uniform_elongation": "NONE",
        "fracture_toughness": "NONE"
    },
    "thermal_process": [
        {
            "temperature": "1423 K",
            "time": "172.8 ks",
            "cooling_method": "NONE",
            "pressure": "NONE",
            "atmosphere": "NONE"
        },
        {
            "temperature": "1223 K",
            "time": "3.6 ks",
            "cooling_method": "NONE",
            "pressure": "NONE",
            "atmosphere": "NONE"
        }
    ]
}