{
    "title": "The enhancement of transformation induced plasticity effect on austenitic stainless steels by cyclic tensile loading and unloading",
    "doi": "j.matlet.2011.02.066",
    "ref": "https://www.sciencedirect.com/science/article/pii/S0167577X11002072?via%3Dihub",
    "sample_id": "j.matlet.2011.02.066_2",
    "sample_name": "CTLU tension",
    "composition_name": null,
    "alloy_type": "steel",
    "other_process": "none",
    "样品状态(删除D，新增A)": null,
    "composition_content": [
        {
            "element": "none",
            "content": null
        }
    ],
    "printing_parameter": {
        "equipment": "none",
        "laser_power": "none",
        "beam_current": "none",
        "accelerating_voltage": "none",
        "scan_speed": "none",
        "layer_thickness": "none",
        "hatch_spacing": "none",
        "rotation_angle": "none",
        "scan_strategy": "none"
    },
    "tensile_condition": {
        "tensile_standard": "none",
        "tensile_temperature": "RT (approximate 293 K)",
        "tensile_speed": "1 × 10−3 s−1",
        "tensile_strategy": "none",
        "sample_shape": "150 mm length, 25 mm gage length"
    },
    "microstructure": {
        "microscope": [
            "Fig. 2"
        ],
        "EBSD_image": [
            "none"
        ],
        "phase_fraction": [
            "Strain-induced α′-martensite: 74.8%"
        ]
    },
    "tensile_property": {
        "stress_strain_curve": "Fig. 1",
        "yield_strength": "270 MPa",
        "ultimate_strength": "710 MPa",
        "fracture_elongation": "0.87",
        "uniform_elongation": "none",
        "fracture_toughness": "none"
    },
    "thermal_process": []
}