{
    "title": "Short CommunicationEffect of microstructure on the strength of 25CrMo48V martensitic steel tempered at different temperature and time",
    "doi": "j.matdes.2011.11.026",
    "ref": "https://www.sciencedirect.com/science/article/pii/S0261306911007862?via%3Dihub",
    "sample_id": "j.matdes.2011.11.026_1",
    "sample_name": "25CrMo48V tempered at 600 °C for 75 min",
    "composition_name": "25CrMo48V martensitic steel",
    "alloy_type": "steel",
    "other_process": "mechanically grinded to 30 μm in thickness and chemically thinned in a dual submerged jet polisher using a solution of 465 ml CH3COOH and 35 ml perchloric acid electrolyte",
    "样品状态(删除D，新增A)": null,
    "composition_content": [
        {
            "element": "C",
            "content": "0.25%"
        },
        {
            "element": "Si",
            "content": "0.26%"
        },
        {
            "element": "Mn",
            "content": "0.50%"
        },
        {
            "element": "P",
            "content": "⩽0.010%"
        },
        {
            "element": "S",
            "content": "⩽0.003%"
        },
        {
            "element": "Cr",
            "content": "1.00%"
        },
        {
            "element": "Mo",
            "content": "0.75%"
        },
        {
            "element": "V",
            "content": "0.08%"
        },
        {
            "element": "Al",
            "content": "0.03%"
        },
        {
            "element": "Ni",
            "content": "0.04%"
        },
        {
            "element": "Fe",
            "content": "bal."
        }
    ],
    "printing_parameter": {},
    "tensile_condition": {
        "tensile_standard": "NONE",
        "tensile_temperature": "Room temperature",
        "tensile_speed": "NONE",
        "tensile_direction": null,
        "sample_shape": "NONE"
    },
    "microstructure": {
        "microscope": [
            "Fig. 1"
        ],
        "EBSD_image": [
            "Fig. 3"
        ],
        "phase_fraction": [
            "martensite,100%"
        ]
    },
    "tensile_property": {
        "stress_strain_curve": null,
        "yield_strength": "1146 MPa",
        "ultimate_strength": "NONE",
        "fracture_elongation": "NONE",
        "uniform_elongation": "NONE",
        "fracture_toughness": "NONE"
    },
    "thermal_process": [
        {
            "temperature": "900 °C",
            "time": "35 min",
            "cooling_method": "NONE",
            "pressure": "NONE",
            "atmosphere": "NONE"
        },
        {
            "temperature": "600 °C",
            "time": "75 min",
            "cooling_method": "NONE",
            "pressure": "NONE",
            "atmosphere": "NONE"
        }
    ]
}