{
    "title": "The influence of aluminium on the ferrite formation and microstructural development in hot rolled dual-phase steel",
    "doi": "j.matchar.2011.11.016",
    "ref": "https://www.sciencedirect.com/science/article/pii/S1044580311002695?via%3Dihub",
    "sample_id": "j.matchar.2011.11.016_2",
    "sample_name": "Steel A - 685°C CASIM",
    "composition_name": "Steel A",
    "alloy_type": "steel",
    "other_process": "The hot rolled samples were then pickled in 10% hydrochloric acid, before a cold reduction of 70% was applied to achieve a final gauge of ~ 1.05 mm.",
    "样品状态(删除D，新增A)": null,
    "composition_content": [
        {
            "element": "C",
            "content": "0.072%"
        },
        {
            "element": "Si",
            "content": "0.15%"
        },
        {
            "element": "Mn",
            "content": "1.00%"
        },
        {
            "element": "Cr",
            "content": "0.40%"
        },
        {
            "element": "P",
            "content": "0.044%"
        },
        {
            "element": "Al",
            "content": "0.029%"
        },
        {
            "element": "N",
            "content": "0.006%"
        },
        {
            "element": "Fe",
            "content": "bal."
        }
    ],
    "printing_parameter": {},
    "tensile_condition": {
        "tensile_standard": "NONE",
        "tensile_temperature": "Room temperature",
        "tensile_speed": "25 mm/min",
        "tensile_direction": null,
        "sample_shape": "From each gap temperature, two tensile specimens were machined from 180 mm × 30 mm blanked coupons, with testing performed using a ZWICK 1474 tensile testing machine with a 100 kN load cell, at a cross head speed of 25 mm/min.; []"
    },
    "microstructure": {
        "microscope": [
            "Fig. 8"
        ],
        "EBSD_image": [],
        "phase_fraction": []
    },
    "tensile_property": {
        "stress_strain_curve": null,
        "yield_strength": "346 MPa",
        "ultimate_strength": "528 MPa",
        "fracture_elongation": "27.8%",
        "uniform_elongation": "16.6%",
        "fracture_toughness": "NONE"
    },
    "thermal_process": [
        {
            "temperature": "850℃",
            "time": "30 s",
            "cooling_method": "~ 50 °C/s to various “gap temperatures” in the range of 650 to 750 °C, where the sample was left to air cool for 5.5 s, followed by rapid air cooling to ambient temperatures at an aim of 50 °C/s",
            "pressure": "NONE",
            "atmosphere": "NONE"
        },
        {
            "temperature": "685℃",
            "time": "5.5s",
            "cooling_method": "air cooling",
            "pressure": "NONE",
            "atmosphere": "NONE"
        }
    ]
}