{
    "title": "The improvement of ductility in nano/ultrafine grained low carbon steels via high temperature short time annealing",
    "doi": "j.matlet.2012.01.092",
    "ref": "https://www.sciencedirect.com/science/article/pii/S0167577X12001255?via%3Dihub",
    "sample_id": "j.matlet.2012.01.092_2",
    "sample_name": "85% PSC, 600°C 120s",
    "composition_name": "composition_1",
    "alloy_type": "steel",
    "other_process": "Plane strain compression (PSC) test with 85% reduction (εvM = 2)",
    "样品状态(删除D，新增A)": null,
    "composition_content": [
        {
            "element": "Fe",
            "content": "bal."
        },
        {
            "element": "C",
            "content": "0.13%"
        },
        {
            "element": "Si",
            "content": "0.13%"
        },
        {
            "element": "Mn",
            "content": "0.49%"
        },
        {
            "element": "P",
            "content": "0.013%"
        },
        {
            "element": "S",
            "content": "0.015%"
        }
    ],
    "printing_parameter": {
        "equipment": "none",
        "laser_power": "none",
        "beam_current": "none",
        "accelerating_voltage": "none",
        "scan_speed": "none",
        "layer_thickness": "none",
        "hatch_spacing": "none",
        "rotation_angle": "none",
        "scan_strategy": "none"
    },
    "tensile_condition": {
        "tensile_standard": "none",
        "tensile_temperature": "Room temperature",
        "tensile_speed": "none",
        "tensile_strategy": "none",
        "sample_shape": "none"
    },
    "microstructure": {
        "microscope": [
            "Fig. 2"
        ],
        "EBSD_image": [
            "none"
        ],
        "phase_fraction": [
            "95% M, 5% F，Bimodal grain size distribution: Coarse grains (650 nm), Fine grains, Cementite Precipitates within coarse grains"
        ]
    },
    "tensile_property": {
        "stress_strain_curve": "none",
        "yield_strength": "none",
        "ultimate_strength": "810 ± 11 MPa",
        "fracture_elongation": "none",
        "uniform_elongation": "16.8 ± 0.4%",
        "fracture_toughness": "none"
    },
    "thermal_process": [
        {
            "temperature": "600 °C",
            "time": "120 s",
            "cooling_method": "air-cooled",
            "pressure": "none",
            "atmosphere": "none"
        }
    ]
}