{
    "title": "Effect of room-temperature aging on shape memory characteristics of Ti–10Nb–10Zr–11Ta (at.%) alloy",
    "doi": "j.materresbull.2013.05.076",
    "ref": "https://www.sciencedirect.com/science/article/pii/S0025540813004558?via%3Dihub",
    "sample_id": "j.materresbull.2013.05.076_1",
    "sample_name": "ST",
    "composition_name": "Ti–10Nb–10Zr–11Ta",
    "alloy_type": "titanium",
    "other_process": "The lightly oxidized surface layer of each specimen after solution treatment was removed by pickling.",
    "样品状态(删除D，新增A)": null,
    "composition_content": [
        {
            "element": "Ti",
            "content": "bal."
        },
        {
            "element": "Nb",
            "content": "10%"
        },
        {
            "element": "Zr",
            "content": "10%"
        },
        {
            "element": "Ta",
            "content": "11%"
        }
    ],
    "printing_parameter": {
        "equipment": "none",
        "laser_power": "none",
        "beam_current": "none",
        "accelerating_voltage": "none",
        "scan_speed": "none",
        "layer_thickness": "none",
        "hatch_spacing": "none",
        "rotation_angle": "none",
        "scan_strategy": "none"
    },
    "tensile_condition": {
        "tensile_standard": "none",
        "tensile_temperature": "Room temperature",
        "tensile_speed": "none",
        "tensile_strategy": "none",
        "sample_shape": "1 mm × 40 mm"
    },
    "microstructure": {
        "microscope": [
            "none"
        ],
        "EBSD_image": [
            "none"
        ],
        "phase_fraction": [
            "none"
        ]
    },
    "tensile_property": {
        "stress_strain_curve": "Fig. 1",
        "yield_strength": "830MPa",
        "ultimate_strength": "none",
        "fracture_elongation": "none",
        "uniform_elongation": "none",
        "fracture_toughness": "none"
    },
    "thermal_process": [
        {
            "temperature": "1173 K",
            "time": "1.8 ks",
            "cooling_method": "quenching into water",
            "pressure": "none",
            "atmosphere": "Ar"
        }
    ]
}