{
    "title": "Isothermal transformation kinetics, microstructure and mechanical properties of a carbide free bainitic steel",
    "doi": "j.matchar.2021.111166",
    "ref": "https://www.sciencedirect.com/science/article/pii/S1044580321002965?via%3Dihub",
    "sample_id": "j.matchar.2021.111166_3",
    "sample_name": "B3",
    "composition_name": "composition_1",
    "alloy_type": "steel",
    "other_process": "Samples were cross-sectioned and prepared for optical microscopy observation using standard metallography preparation technique. Thin foil was cut from the sample using an electric discharge machine and subsequently thinned by grinding followed by ion milling for TEM observation.",
    "样品状态(删除D，新增A)": null,
    "composition_content": [
        {
            "element": "C",
            "content": "0.23%"
        },
        {
            "element": "Mn",
            "content": "1.68%"
        },
        {
            "element": "Si",
            "content": "1.40%"
        },
        {
            "element": "Ni",
            "content": "0.26%"
        },
        {
            "element": "Cr",
            "content": "0.47%"
        },
        {
            "element": "Mo",
            "content": "0.37%"
        },
        {
            "element": "S",
            "content": "0.02%"
        },
        {
            "element": "P",
            "content": "0.03%"
        },
        {
            "element": "Ti",
            "content": "0.01%"
        },
        {
            "element": "Fe",
            "content": "bal."
        }
    ],
    "printing_parameter": {},
    "tensile_condition": {
        "tensile_standard": "ASTM E8",
        "tensile_temperature": "Room temperature",
        "tensile_speed": "NONE",
        "tensile_direction": null,
        "sample_shape": "The tensile testing was carried out according to ASTM E8 with a sub-size sample in the Instron-8862 universal tensile testing machine to determine the mechanical properties of the heat-treated samples. The test method follows ASTM E8 standard, performed at room temperature with no specific tensile speed mentioned. Sample shape details are not explicitly provided but can be inferred as sub-size samples used in Instron-8862 universal tensile testing machine. Tensile direction information is not specified.; []"
    },
    "microstructure": {
        "microscope": [
            "Fig. 4",
            "Fig. 5",
            "Fig. 6"
        ],
        "EBSD_image": [
            "Fig. 7"
        ],
        "phase_fraction": [
            "Bainitic Ferrite (BF),14.46%",
            "Fresh Martensite (FM),79.09%",
            "Retained Austenite (RA),6.45%",
            "NONE"
        ]
    },
    "tensile_property": {
        "stress_strain_curve": "Fig. 9",
        "yield_strength": "865±3 MPa",
        "ultimate_strength": "1614±22 MPa",
        "fracture_elongation": "18.01±2%",
        "uniform_elongation": "11.10±1%",
        "fracture_toughness": "44±0 J/cm²"
    },
    "thermal_process": [
        {
            "temperature": "900 °C",
            "time": "10 min",
            "cooling_method": "NONE",
            "pressure": "NONE",
            "atmosphere": "NONE"
        },
        {
            "temperature": "450 °C",
            "time": "NONE",
            "cooling_method": "NONE",
            "pressure": "NONE",
            "atmosphere": "NONE"
        }
    ]
}