{
    "title": "Quenching above martensite start temperature in quenching and partitioning (Q&P) steel through control of partial phase transformation",
    "doi": "j.matlet.2018.07.062",
    "ref": "https://www.sciencedirect.com/science/article/pii/S0167577X18311017?via%3Dihub",
    "sample_id": "j.matlet.2018.07.062_3",
    "sample_name": "BQP510",
    "composition_name": "0.25C-3Mn-2Al",
    "alloy_type": "steel",
    "other_process": "rolling",
    "样品状态(删除D，新增A)": null,
    "composition_content": [
        {
            "element": "C",
            "content": "0.25%"
        },
        {
            "element": "Mn",
            "content": "3%"
        },
        {
            "element": "Al",
            "content": "2%"
        },
        {
            "element": "Fe",
            "content": "bal."
        }
    ],
    "printing_parameter": {
        "equipment": "none",
        "laser_power": "none",
        "beam_current": "none",
        "accelerating_voltage": "none",
        "scan_speed": "none",
        "layer_thickness": "none",
        "hatch_spacing": "none",
        "rotation_angle": "none",
        "scan_strategy": "none"
    },
    "tensile_condition": {
        "tensile_standard": "none",
        "tensile_temperature": "none",
        "tensile_speed": "none",
        "tensile_strategy": "none",
        "sample_shape": "none"
    },
    "microstructure": {
        "microscope": [
            "Fig. 2",
            "Fig. 3."
        ],
        "EBSD_image": [
            "none"
        ],
        "phase_fraction": [
            "ferrite, martensite, martensite-austenite island, retained austenite"
        ]
    },
    "tensile_property": {
        "stress_strain_curve": "Fig. 3",
        "yield_strength": "none",
        "ultimate_strength": "1096 MPa",
        "fracture_elongation": "19.4%",
        "uniform_elongation": "16%",
        "fracture_toughness": "none"
    },
    "thermal_process": [
        {
            "temperature": "510 °C",
            "time": "none",
            "cooling_method": "air cooling",
            "pressure": "none",
            "atmosphere": "none"
        },
        {
            "temperature": "350 °C",
            "time": "none",
            "cooling_method": "slow cooling in the furnace",
            "pressure": "none",
            "atmosphere": "none"
        }
    ]
}