{
    "title": "Microstructure, texture, and anisotropic mechanical behavior of selective laser melted maraging stainless steels",
    "doi": "j.matchar.2022.112185",
    "ref": "https://www.sciencedirect.com/science/article/pii/S1044580322004673?via%3Dihub",
    "sample_id": "j.matchar.2022.112185_2",
    "sample_name": "vertical",
    "composition_name": "virgin gas-atomized CX powder",
    "alloy_type": "steel",
    "other_process": "NONE",
    "样品状态(删除D，新增A)": null,
    "composition_content": [
        {
            "element": "Ni",
            "content": "8.4–10%"
        },
        {
            "element": "Mn",
            "content": "0.40%"
        },
        {
            "element": "Al",
            "content": "1.2–2%"
        },
        {
            "element": "Si",
            "content": "0.40%"
        },
        {
            "element": "Mo",
            "content": "1.1–1.7%"
        },
        {
            "element": "C",
            "content": "0.05%"
        },
        {
            "element": "Cr",
            "content": "11–13%"
        },
        {
            "element": "Fe",
            "content": "bal."
        }
    ],
    "printing_parameter": {
        "equipment": "EOS M290 machine",
        "laser_power": "258.7 W",
        "beam_current": "NONE",
        "accelerating_voltage": "NONE",
        "scan_speed": "1066.7 mm/s",
        "layer_thickness": "30 µm",
        "hatch_spacing": "100 µm",
        "rotation_angle": "67°",
        "scan_strategy": "alternating scanning map"
    },
    "tensile_condition": {
        "tensile_standard": "NONE",
        "tensile_temperature": "room temperature",
        "tensile_speed": "9 × 10−4 /s",
        "tensile_direction": null,
        "sample_shape": "gauge length of 32 mm and the diameter of 6 mm"
    },
    "microstructure": {
        "microscope": [
            "Fig. 2",
            "Fig. 5",
            "Fig. 6",
            "Fig. 11"
        ],
        "EBSD_image": [
            "Fig. 3",
            "Fig. 4",
            "Fig. 9",
            "Fig. 10",
            "Fig. 12",
            "Fig. 13"
        ],
        "phase_fraction": [
            "martensite,Dominant phase",
            "retained austenite,Negligible",
            "AlO compounds"
        ]
    },
    "tensile_property": {
        "stress_strain_curve": "Fig. 8",
        "yield_strength": "1036± MPa",
        "ultimate_strength": "1085± MPa",
        "fracture_elongation": "5.7±%",
        "uniform_elongation": "1.1±%",
        "fracture_toughness": "45.6± J/cm²"
    },
    "thermal_process": []
}