{
    "title": "Understanding the damage initiation and growth mechanisms of two DP800 dual phase grades",
    "doi": "j.matdes.2024.112630",
    "ref": "https://www.sciencedirect.com/science/article/pii/S0264127524000029?via%3Dihub",
    "sample_id": "j.matdes.2024.112630_2",
    "sample_name": "DP2",
    "composition_name": "DP2",
    "alloy_type": "steel",
    "other_process": "none",
    "样品状态(删除D，新增A)": null,
    "composition_content": [
        {
            "element": "Fe",
            "content": "balance"
        },
        {
            "element": "C",
            "content": "0.13"
        },
        {
            "element": "Mn",
            "content": "1.69"
        },
        {
            "element": "Si",
            "content": "0.19"
        },
        {
            "element": "Al",
            "content": "0.03"
        },
        {
            "element": "Cr",
            "content": "0.7"
        },
        {
            "element": "Ti",
            "content": "0.03"
        }
    ],
    "printing_parameter": {
        "equipment": "none",
        "laser_power": "none",
        "beam_current": "none",
        "accelerating_voltage": "none",
        "scan_speed": "none",
        "layer_thickness": "none",
        "hatch_spacing": "none",
        "rotation_angle": "none",
        "scan_strategy": "none"
    },
    "tensile_condition": {
        "tensile_standard": "DIN 50125-E",
        "tensile_temperature": "Room temperature",
        "tensile_speed": "none",
        "tensile_strategy": "none",
        "sample_shape": "Dog-bone (gauge length: 26 mm, sample width: 15 mm, thickness: 1.5 mm)"
    },
    "microstructure": {
        "microscope": [
            "none"
        ],
        "EBSD_image": [
            "Fig. 4d"
        ],
        "phase_fraction": [
            "Particles(49.9±28.1 nm)"
        ]
    },
    "tensile_property": {
        "stress_strain_curve": "Fig. 1",
        "yield_strength": "none",
        "ultimate_strength": "800 MPa",
        "fracture_elongation": "23.1%",
        "uniform_elongation": "13.4%",
        "fracture_toughness": "none"
    },
    "thermal_process": []
}