{
    "title": "Effect of cold rolling deformation on the microstructure and properties of Ti-10V-2Fe-3Al alloy",
    "doi": "j.matchar.2019.109789",
    "ref": "https://www.sciencedirect.com/science/article/pii/S1044580319305340?via%3Dihub",
    "sample_id": "j.matchar.2019.109789_4",
    "sample_name": "Cold rolled 36%",
    "composition_name": "Ti-10V-2Fe-3Al",
    "alloy_type": "titanium",
    "other_process": "cold rolling deformation of 36%",
    "样品状态(删除D，新增A)": null,
    "composition_content": [
        {
            "element": "V",
            "content": "10.40%"
        },
        {
            "element": "Al",
            "content": "3.04%"
        },
        {
            "element": "Fe",
            "content": "1.66%"
        },
        {
            "element": "O",
            "content": "0.074%"
        },
        {
            "element": "N",
            "content": "0.012%"
        },
        {
            "element": "C",
            "content": "0.007%"
        },
        {
            "element": "H",
            "content": "0.001%"
        },
        {
            "element": "Ti",
            "content": "bal."
        }
    ],
    "printing_parameter": {},
    "tensile_condition": {
        "tensile_standard": "NONE",
        "tensile_temperature": "Room temperature",
        "tensile_speed": "NONE",
        "tensile_direction": null,
        "sample_shape": "Tensile specimens with a gauge of Φ3mm × 30mm were cut along the rolling direction of the cold rolled bars. Tensile tests were performed to record the stress strain curves on a universal testing instrument (Instron 8801) equipped with a clip-on extensometer.; []"
    },
    "microstructure": {
        "microscope": [
            "Fig. 1",
            "Fig. 6"
        ],
        "EBSD_image": [],
        "phase_fraction": [
            "α'',large amounts",
            "β,residual"
        ]
    },
    "tensile_property": {
        "stress_strain_curve": "Fig. 4",
        "yield_strength": "NONE",
        "ultimate_strength": ">1000 MPa",
        "fracture_elongation": "4%",
        "uniform_elongation": "NONE",
        "fracture_toughness": "NONE"
    },
    "thermal_process": [
        {
            "temperature": "833°C",
            "time": "60 min",
            "cooling_method": "quenching into water",
            "pressure": "NONE",
            "atmosphere": "NONE"
        }
    ]
}