{
    "title": "Effects of cooling method after intercritical heat treatment on microstructural characteristics and mechanical properties of as-cast high-strength low-alloy steel",
    "doi": "j.matdes.2013.08.103",
    "ref": "https://www.sciencedirect.com/science/article/pii/S0261306913008479?via%3Dihub",
    "sample_id": "j.matdes.2013.08.103_2",
    "sample_name": "QNT",
    "composition_name": "composition_1",
    "alloy_type": "steel",
    "other_process": "Samples for metallographic analysis were prepared by mechanically grinding, polishing and then etched with 4% nital solution. Several slices about 0.35 mm thickness were cut by wire-electrode cutting, followed by thinning to a thickness of about 0.04–0.05 mm through mechanical method.",
    "样品状态(删除D，新增A)": null,
    "composition_content": [
        {
            "element": "C",
            "content": "0.12–0.13%"
        },
        {
            "element": "Si",
            "content": "0.2–0.3%"
        },
        {
            "element": "Mn",
            "content": "1.0–1.3%"
        },
        {
            "element": "P",
            "content": "0.0051%"
        },
        {
            "element": "S",
            "content": "0.0054%"
        },
        {
            "element": "Nb",
            "content": "0.09–0.12%"
        },
        {
            "element": "Ti",
            "content": "0.09–0.12%"
        },
        {
            "element": "Al",
            "content": "0.014%"
        },
        {
            "element": "B",
            "content": "0.0011%"
        },
        {
            "element": "Ni",
            "content": "1.7–3.0%"
        },
        {
            "element": "Cr",
            "content": "1.7–3.0%"
        },
        {
            "element": "Mo",
            "content": "1.7–3.0%"
        },
        {
            "element": "Cu",
            "content": "1.7–3.0%"
        },
        {
            "element": "Fe",
            "content": "bal."
        }
    ],
    "printing_parameter": {},
    "tensile_condition": {
        "tensile_standard": "GB/T 228-2002",
        "tensile_temperature": "Room temperature",
        "tensile_speed": "1.5 mm/min",
        "tensile_direction": null,
        "sample_shape": "three tensile specimens with round cross-section of 5 mm diameter and 25 mm original gauge length were machined; []"
    },
    "microstructure": {
        "microscope": [
            "Fig. 6",
            "Fig. 8"
        ],
        "EBSD_image": [
            "Fig. 9"
        ],
        "phase_fraction": [
            "ferrite (α),More than 54.32 vol.%",
            "tempered bainite,Less than 45.68 vol.%",
            "retained austenite (γ),2.73%",
            "Cr, Mo, Nb carbides"
        ]
    },
    "tensile_property": {
        "stress_strain_curve": "Fig. 11",
        "yield_strength": "556±15 MPa",
        "ultimate_strength": "743±1 MPa",
        "fracture_elongation": "19.4±0.6%",
        "uniform_elongation": "NONE",
        "fracture_toughness": "NONE"
    },
    "thermal_process": [
        {
            "temperature": "950 °C",
            "time": "NONE",
            "cooling_method": "water quenching",
            "pressure": "NONE",
            "atmosphere": "NONE"
        },
        {
            "temperature": "800 °C",
            "time": "NONE",
            "cooling_method": "air cooling",
            "pressure": "NONE",
            "atmosphere": "NONE"
        },
        {
            "temperature": "500 °C",
            "time": "NONE",
            "cooling_method": "tempering",
            "pressure": "NONE",
            "atmosphere": "NONE"
        }
    ]
}