{
    "title": "A study of local deformation and damage of dual phase steel",
    "doi": "j.matdes.2014.08.009",
    "ref": "https://www.sciencedirect.com/science/article/pii/S0261306914006220?via%3Dihub",
    "sample_id": "j.matdes.2014.08.009_1",
    "sample_name": "DP1000",
    "composition_name": "DP1000",
    "alloy_type": "steel",
    "other_process": "NONE",
    "样品状态(删除D，新增A)": null,
    "composition_content": [
        {
            "element": "C",
            "content": "0.147%"
        },
        {
            "element": "Si",
            "content": "1.424%"
        },
        {
            "element": "Mn",
            "content": "2.072%"
        },
        {
            "element": "P",
            "content": "0.015%"
        },
        {
            "element": "S",
            "content": "0.004%"
        },
        {
            "element": "Cr",
            "content": "0.010%"
        },
        {
            "element": "Cu",
            "content": "0.005%"
        },
        {
            "element": "Al",
            "content": "0.029%"
        },
        {
            "element": "Fe",
            "content": "bal."
        }
    ],
    "printing_parameter": {},
    "tensile_condition": {
        "tensile_standard": "DIN EN ISO 6892-1:2009-12",
        "tensile_temperature": "room temperature",
        "tensile_speed": "0.002 s−1",
        "tensile_direction": null,
        "sample_shape": "The sheet samples had a gauge length of 25 mm and a nominal width of 5 mm.; []"
    },
    "microstructure": {
        "microscope": [
            "Fig. 1",
            "Fig. 2"
        ],
        "EBSD_image": [],
        "phase_fraction": [
            "ferrite (α),Traces",
            "martensite (α'),≈50%",
            "Al2O3"
        ]
    },
    "tensile_property": {
        "stress_strain_curve": "Fig. 4, Fig. 10",
        "yield_strength": "753 MPa",
        "ultimate_strength": "960 MPa",
        "fracture_elongation": "16.28%",
        "uniform_elongation": "10.01%",
        "fracture_toughness": "NONE"
    },
    "thermal_process": [
        {
            "temperature": "NONE",
            "time": "NONE",
            "cooling_method": "NONE",
            "pressure": "NONE",
            "atmosphere": "NONE"
        }
    ]
}