{
    "title": "The strengthening and toughening mechanism of dual martensite in quenching-partitioning steels",
    "doi": "j.msea.2019.138765",
    "ref": "https://www.sciencedirect.com/science/article/pii/S0921509319315503?via%3Dihub",
    "sample_id": "j.msea.2019.138765_4",
    "sample_name": "790°C quenched",
    "composition_name": "composition_1",
    "alloy_type": "steel",
    "other_process": "rolling",
    "样品状态(删除D，新增A)": "A",
    "composition_content": [
        {
            "element": "C",
            "content": "0.19%"
        },
        {
            "element": "Mn",
            "content": "1.7%"
        },
        {
            "element": "Si",
            "content": "1.6%"
        },
        {
            "element": "Cr",
            "content": "1.0%"
        },
        {
            "element": "Ti",
            "content": "0.5%"
        },
        {
            "element": "Mo",
            "content": "0.5%"
        },
        {
            "element": "Nb",
            "content": "0.04%"
        },
        {
            "element": "B",
            "content": "0.03%"
        },
        {
            "element": "Fe",
            "content": "bal."
        }
    ],
    "printing_parameter": {},
    "tensile_condition": {
        "tensile_standard": "GB/T24182-2009",
        "tensile_temperature": "Room temperature",
        "tensile_speed": "90 mm/min",
        "tensile_direction": null,
        "sample_shape": "the specimens after the salt bath tests were cut into tensile specimens for mechanical performance analysis; ['Fig. 5']"
    },
    "microstructure": {
        "microscope": [
            "NONE"
        ],
        "EBSD_image": [
            "NONE"
        ],
        "phase_fraction": [
            "Ferrite,Martensite",
            "NONE"
        ]
    },
    "tensile_property": {
        "stress_strain_curve": "Fig. 5",
        "yield_strength": "NONE",
        "ultimate_strength": "1602 MPa",
        "fracture_elongation": "0.097",
        "uniform_elongation": "0.0475",
        "fracture_toughness": "NONE"
    },
    "thermal_process": [
        {
            "temperature": "1150 °C",
            "time": "NONE",
            "cooling_method": "salt bath to 790 °C, then water-quenched",
            "pressure": "NONE",
            "atmosphere": "NONE"
        }
    ]
}