{
    "title": "Ductilization of high carbon, high silicon carbide-free nanostructured bainitic steel",
    "doi": "j.msea.2022.144318",
    "ref": "https://www.sciencedirect.com/science/article/pii/S0921509322016987?via%3Dihub",
    "sample_id": "j.msea.2022.144318_2",
    "sample_name": "B15VA-2",
    "composition_name": "B15VA",
    "alloy_type": "steel",
    "other_process": "The thickness of austempered hot rolled plates was machined to 2 mm to remove a decarburized layer if any. 12 × 10 × 2 mm³ sized samples were cut from the austempered plate.",
    "样品状态(删除D，新增A)": null,
    "composition_content": [
        {
            "element": "C",
            "content": "0.97%"
        },
        {
            "element": "Si",
            "content": "2.2%"
        },
        {
            "element": "Mn",
            "content": "1.69%"
        },
        {
            "element": "Mo",
            "content": "0.22%"
        },
        {
            "element": "Cr",
            "content": "1.42%"
        },
        {
            "element": "Ni",
            "content": "0.43%"
        },
        {
            "element": "Co",
            "content": "1.39%"
        },
        {
            "element": "Al",
            "content": "1.13%"
        },
        {
            "element": "Fe",
            "content": "bal."
        }
    ],
    "printing_parameter": {},
    "tensile_condition": {
        "tensile_standard": "ASTM E8-E8M − 22",
        "tensile_temperature": "Room temperature",
        "tensile_speed": "0.5 mm/min",
        "tensile_direction": null,
        "sample_shape": "Tensile sample dimensions are in mm: gauge length of 25 mm, gauge width of 6 mm and thickness of 2 mm.; []"
    },
    "microstructure": {
        "microscope": [
            "Fig. 4",
            "Fig. 7",
            "Fig. 8"
        ],
        "EBSD_image": [],
        "phase_fraction": [
            "Bainitic ferrite (αB),65%",
            "Filmy retained austenite (γF),9.8%",
            "Blocky retained austenite (γB),25.3%"
        ]
    },
    "tensile_property": {
        "stress_strain_curve": "Fig. 10, Fig. 11",
        "yield_strength": "1428±35 MPa",
        "ultimate_strength": "1742±30 MPa",
        "fracture_elongation": "18.7±0.6%",
        "uniform_elongation": "13±0.6%",
        "fracture_toughness": "299±12 MJ/m³"
    },
    "thermal_process": [
        {
            "temperature": "1200 °C",
            "time": "24 h",
            "cooling_method": "NONE",
            "pressure": "NONE",
            "atmosphere": "NONE"
        },
        {
            "temperature": "1050 °C",
            "time": "NONE",
            "cooling_method": "NONE",
            "pressure": "NONE",
            "atmosphere": "NONE"
        },
        {
            "temperature": "950 °C",
            "time": "30 min",
            "cooling_method": "NONE",
            "pressure": "NONE",
            "atmosphere": "Evacuated quartz tube"
        },
        {
            "temperature": "250 °C",
            "time": "50 h",
            "cooling_method": "Air cooling",
            "pressure": "NONE",
            "atmosphere": "Salt bath (containing 50% NaNO3 & 50% KNO3 melt)"
        }
    ]
}