{
    "title": "Short communicationThe effect of martensite banding on the mechanical properties and formability of TRIP steels",
    "doi": "j.msea.2015.10.111",
    "ref": "https://www.sciencedirect.com/science/article/pii/S0921509315305736",
    "sample_id": "j.msea.2015.10.111_2",
    "sample_name": "TRIP A TD",
    "composition_name": "TRIP A",
    "alloy_type": "steel",
    "other_process": "de-burring by milling process",
    "样品状态(删除D，新增A)": null,
    "composition_content": [
        {
            "element": "C",
            "content": "0.18%"
        },
        {
            "element": "Mn",
            "content": "1.8%"
        },
        {
            "element": "Si",
            "content": "0.34%"
        },
        {
            "element": "Al",
            "content": "1.61%"
        },
        {
            "element": "P",
            "content": "0.014%"
        },
        {
            "element": "S",
            "content": "0.007%"
        },
        {
            "element": "Cr",
            "content": "0.03%"
        },
        {
            "element": "Ni",
            "content": "0.04%"
        },
        {
            "element": "Cu",
            "content": "0.03%"
        },
        {
            "element": "Nb",
            "content": "0.001%"
        },
        {
            "element": "N",
            "content": "0.007%"
        },
        {
            "element": "Fe",
            "content": "bal."
        }
    ],
    "printing_parameter": {},
    "tensile_condition": {
        "tensile_standard": "DIN EN 10002",
        "tensile_temperature": "room temperature",
        "tensile_speed": "4 mm/min",
        "tensile_direction": null,
        "sample_shape": "quasi-static uniaxial tensile tests were performed according to DIN EN 10002 [18]. The tensile tests were performed parallel to the cold-rolling direction at a velocity of 4 mm/min by a Zwick 100 testing machine.; []"
    },
    "microstructure": {
        "microscope": [
            "Fig. 1"
        ],
        "EBSD_image": [
            "Fig. 2"
        ],
        "phase_fraction": [
            "ferrite,trace",
            "martensite,higher concentration within bands",
            "retained austenite,transformed during straining",
            "bainite,trace"
        ]
    },
    "tensile_property": {
        "stress_strain_curve": "Fig. 4",
        "yield_strength": "451 MPa",
        "ultimate_strength": "752 MPa",
        "fracture_elongation": "29%",
        "uniform_elongation": "NONE",
        "fracture_toughness": "NONE"
    },
    "thermal_process": []
}