{
    "title": "Influence of cold rolling on the stability of retained austenite and mechanical properties of a Cu bearing low carbon low manganese steel",
    "doi": "j.msea.2022.143455",
    "ref": "https://www.sciencedirect.com/science/article/pii/S0921509322008449?via%3Dihub",
    "sample_id": "j.msea.2022.143455_4",
    "sample_name": "HC",
    "composition_name": "composition_1",
    "alloy_type": "steel",
    "other_process": "hot-rolling, cold-rolling",
    "样品状态(删除D，新增A)": null,
    "composition_content": [
        {
            "element": "Fe",
            "content": "bal."
        },
        {
            "element": "C",
            "content": "0.23%"
        },
        {
            "element": "Mn",
            "content": "2.21%"
        },
        {
            "element": "Ni",
            "content": "2.00%"
        },
        {
            "element": "Cu",
            "content": "1.91%"
        },
        {
            "element": "Al",
            "content": "1.16%"
        },
        {
            "element": "Si",
            "content": "0.59%"
        },
        {
            "element": "Mo",
            "content": "0.26%"
        }
    ],
    "printing_parameter": {},
    "tensile_condition": {
        "tensile_standard": "ASTM E8/E8M-15a",
        "tensile_temperature": "Room temperature",
        "tensile_speed": "NONE",
        "tensile_direction": null,
        "sample_shape": "HC, HCL, HCLT samples - gauge length of 25 mm and gauge width of 6 mm; []"
    },
    "microstructure": {
        "microscope": [
            "Fig. 4"
        ],
        "EBSD_image": [],
        "phase_fraction": [
            "α',97-100%",
            "γ,<3%"
        ]
    },
    "tensile_property": {
        "stress_strain_curve": "Fig. 10",
        "yield_strength": "2003 MPa",
        "ultimate_strength": "2042 MPa",
        "fracture_elongation": "2.0%",
        "uniform_elongation": "1.7%",
        "fracture_toughness": "NONE"
    },
    "thermal_process": [
        {
            "temperature": "1200 °C",
            "time": "2h",
            "cooling_method": "water quenched",
            "pressure": "NONE",
            "atmosphere": "NONE"
        }
    ]
}