{
    "title": "Strain hardening of cold-rolled lean-alloyed metastable ferritic-austenitic stainless steels",
    "doi": "j.msea.2016.09.038",
    "ref": "https://www.sciencedirect.com/science/article/pii/S0921509316311030?via%3Dihub",
    "sample_id": "j.msea.2016.09.038_5",
    "sample_name": "LDX RD",
    "composition_name": "LDX 2101",
    "alloy_type": "stainless steel",
    "other_process": "hot rolled, cold rolled",
    "样品状态(删除D，新增A)": null,
    "composition_content": [
        {
            "element": "C",
            "content": "0.030%"
        },
        {
            "element": "Cr",
            "content": "21.6%"
        },
        {
            "element": "Ni",
            "content": "1.5%"
        },
        {
            "element": "Mn",
            "content": "5.0%"
        },
        {
            "element": "Si",
            "content": "0.71%"
        },
        {
            "element": "Mo",
            "content": "0.32%"
        },
        {
            "element": "Cu",
            "content": "0.31%"
        },
        {
            "element": "N",
            "content": "0.217%"
        },
        {
            "element": "Fe",
            "content": "bal."
        }
    ],
    "printing_parameter": {},
    "tensile_condition": {
        "tensile_standard": "SFS-EN ISO 6892-1",
        "tensile_temperature": "ambient temperature",
        "tensile_speed": "1.1 mm/min until 1.5% strain, after which the strain rate was increased to 30.2 mm/min",
        "tensile_direction": null,
        "sample_shape": "Uniaxial tensile testing was performed with a MTS 810 servo-hydraulic material testing system and a MTS 632.12C-20 extensometer; []"
    },
    "microstructure": {
        "microscope": [],
        "EBSD_image": [],
        "phase_fraction": [
            "ferrite,46% (Satmagan), 52% (Optical image analysis)",
            "austenite,54% (Satmagan), 48% (Optical image analysis)"
        ]
    },
    "tensile_property": {
        "stress_strain_curve": "Fig. 3",
        "yield_strength": "592±12.7 MPa",
        "ultimate_strength": "788±15.5 MPa",
        "fracture_elongation": "33.3±1.6%",
        "uniform_elongation": "22.6±1.1%",
        "fracture_toughness": "NONE"
    },
    "thermal_process": [
        {
            "temperature": "1050 °C",
            "time": "5 min",
            "cooling_method": "water quenching",
            "pressure": "NONE",
            "atmosphere": "NONE"
        }
    ]
}