{
    "title": "Effect of microstructure on sag resistance of ultra-high strength spring steel evaluated by hysteresis loop",
    "doi": "j.msea.2024.146568",
    "ref": "https://www.sciencedirect.com/science/article/pii/S0921509324004994?via%3Dihub",
    "sample_id": "j.msea.2024.146568_1",
    "sample_name": "850°CQ-400°C",
    "composition_name": "65SiCrV6",
    "alloy_type": "spring steel",
    "other_process": "Sheet samples with a size of 90 × 12 × 3 mm were machined from the hot rolled bar and subsequently subjected to quenching and tempering process. The length direction of the samples is parallel to the rolling direction.",
    "样品状态(删除D，新增A)": null,
    "composition_content": [
        {
            "element": "C",
            "content": "0.65%"
        },
        {
            "element": "Si",
            "content": "1.54%"
        },
        {
            "element": "Mn",
            "content": "0.47%"
        },
        {
            "element": "Cr",
            "content": "0.61%"
        },
        {
            "element": "V",
            "content": "0.14%"
        },
        {
            "element": "Ni",
            "content": "0.03%"
        },
        {
            "element": "Mo",
            "content": "0.02%"
        },
        {
            "element": "Fe",
            "content": "bal."
        }
    ],
    "printing_parameter": {
        "equipment": "none",
        "laser_power": "none",
        "beam_current": "none",
        "accelerating_voltage": "none",
        "scan_speed": "none",
        "layer_thickness": "none",
        "hatch_spacing": "none",
        "rotation_angle": "none",
        "scan_strategy": "none"
    },
    "tensile_condition": {
        "tensile_standard": "none",
        "tensile_temperature": "Room temperature",
        "tensile_speed": "0.2 mm/min",
        "tensile_strategy": "Horizontal, Constant crosshead speed",
        "sample_shape": "Dog-bone, 25mm gauge length, 2mm thickness"
    },
    "microstructure": {
        "microscope": [
            "Fig. 3"
        ],
        "EBSD_image": [
            "none"
        ],
        "phase_fraction": [
            "Lath martensite, undissolved spheroidized carbides"
        ]
    },
    "tensile_property": {
        "stress_strain_curve": "Fig. 2",
        "yield_strength": "none",
        "ultimate_strength": "none",
        "fracture_elongation": "none",
        "uniform_elongation": "none",
        "fracture_toughness": "none"
    },
    "thermal_process": [
        {
            "temperature": "850 °C",
            "time": "30 min",
            "cooling_method": "oil quenching",
            "pressure": "none",
            "atmosphere": "air"
        },
        {
            "temperature": "400 °C",
            "time": "60 min",
            "cooling_method": "air cooling",
            "pressure": "none",
            "atmosphere": "air"
        }
    ]
}