{
    "title": "A laser additive manufactured metastable Ti-10V-2Fe-3Al β-titanium alloy: Microstructure, mechanical properties, and deformation mechanisms",
    "doi": "j.msea.2023.145863",
    "ref": "https://www.sciencedirect.com/science/article/pii/S092150932301287X?via%3Dihub",
    "sample_id": "j.msea.2023.145863_1",
    "sample_name": "S1",
    "composition_name": "Ti1023",
    "alloy_type": "titanium",
    "other_process": "NONE",
    "样品状态(删除D，新增A)": null,
    "composition_content": [
        {
            "element": "Ti",
            "content": "bal."
        },
        {
            "element": "V",
            "content": "10.5%"
        },
        {
            "element": "Fe",
            "content": "1.9%"
        },
        {
            "element": "Al",
            "content": "3.2%"
        },
        {
            "element": "H",
            "content": "0.03%"
        },
        {
            "element": "N",
            "content": "0.029%"
        },
        {
            "element": "O",
            "content": "0.127%"
        },
        {
            "element": "C",
            "content": "0.008%"
        }
    ],
    "printing_parameter": {
        "equipment": "ProX-200 (3D Systems, USA)",
        "laser_power": "160 W",
        "beam_current": "NONE",
        "accelerating_voltage": "NONE",
        "scan_speed": "1100 mm/s",
        "layer_thickness": "30 µm",
        "hatch_spacing": "75 µm",
        "rotation_angle": "90°",
        "scan_strategy": "bi-directional scanning strategy"
    },
    "tensile_condition": {
        "tensile_standard": "NONE",
        "tensile_temperature": "Room temperature",
        "tensile_speed": "5 × 10− 4/s",
        "tensile_direction": null,
        "sample_shape": "dog-bone-shaped tensile test samples were sectioned from the XOY plane perpendicular to the building direction. The tensile test samples were machined from 35 × 10 × 10 mm3 blocks with the dimension illustrated in Fig. 2b.; ['Fig. 2']"
    },
    "microstructure": {
        "microscope": [
            "Fig. 5",
            "Fig. 7"
        ],
        "EBSD_image": [
            "Fig. 6"
        ],
        "phase_fraction": [
            "β,Major phase",
            "α,Traces",
            "ω,Traces",
            "α'',Present after deformation",
            "ω"
        ]
    },
    "tensile_property": {
        "stress_strain_curve": "Fig. 8",
        "yield_strength": "769.30±19.17 MPa",
        "ultimate_strength": "859.20±13.71 MPa",
        "fracture_elongation": "18.10±3.15%",
        "uniform_elongation": "NONE",
        "fracture_toughness": "NONE"
    },
    "thermal_process": []
}