{
    "title": "Study of microstructural evolution and mechanical properties of 1000 MPa low-carbon microalloyed steel prepared by multiple quenching strategies near Ms",
    "doi": "j.msea.2022.142968",
    "ref": "https://www.sciencedirect.com/science/article/pii/S0921509322003756?via%3Dihub",
    "sample_id": "j.msea.2022.142968_1",
    "sample_name": "T360",
    "composition_name": "experimental steel",
    "alloy_type": "steel",
    "other_process": "The same heat treatments were simulated by dilatometer experiments to analyze the transformation kinetics.",
    "样品状态(删除D，新增A)": null,
    "composition_content": [
        {
            "element": "C",
            "content": "0.1%"
        },
        {
            "element": "Si",
            "content": "0.4%"
        },
        {
            "element": "Mn",
            "content": "1.8%"
        },
        {
            "element": "Cr",
            "content": "0.5%"
        },
        {
            "element": "Mo",
            "content": "0.3%"
        },
        {
            "element": "Ti",
            "content": "0.12%"
        },
        {
            "element": "Nb",
            "content": "0.12%"
        },
        {
            "element": "V",
            "content": "0.12%"
        },
        {
            "element": "Fe",
            "content": "bal."
        }
    ],
    "printing_parameter": {},
    "tensile_condition": {
        "tensile_standard": "GB/T228.1–2010",
        "tensile_temperature": "Room temperature",
        "tensile_speed": "1 mm/min",
        "tensile_direction": null,
        "sample_shape": "Dog-bone-shaped tensile specimens with 10 mm in width, 1.5 mm in thickness and 25 mm in gauge length were prepared from QNP-treated specimens by wire cutting; []"
    },
    "microstructure": {
        "microscope": [
            "Fig. 2"
        ],
        "EBSD_image": [
            "Fig. 7",
            "Fig. 10"
        ],
        "phase_fraction": [
            "tempered martensite (TM),Traces",
            "bainitic ferrite (BF),Major phase",
            "martensite/austenite (M/A) constituents,Significant fraction",
            "retained austenite (RA),0.0062±0.0009",
            "(Nb, Ti, V)C"
        ]
    },
    "tensile_property": {
        "stress_strain_curve": "Fig. 9",
        "yield_strength": "984±2 MPa",
        "ultimate_strength": "1101±10 MPa",
        "fracture_elongation": "10.0±0.9%",
        "uniform_elongation": "NONE",
        "fracture_toughness": "NONE"
    },
    "thermal_process": [
        {
            "temperature": "900 °C",
            "time": "120 s",
            "cooling_method": "nitrogen cooling at 50 °C/s to 360 °C",
            "pressure": "NONE",
            "atmosphere": "NONE"
        }
    ]
}