{
    "title": "Nanoindentation study of ferrite–martensite dual phase steels developed by a new thermomechanical processing",
    "doi": "j.msea.2015.04.098",
    "ref": "https://www.sciencedirect.com/science/article/pii/S0921509315005055?via%3Dihub",
    "sample_id": "j.msea.2015.04.098_1",
    "sample_name": "8_min_annealed",
    "composition_name": "composition_1",
    "alloy_type": "steel",
    "other_process": "The resulting duplex structure was subsequently cold-rolled up to 80% (equivalent plastic strain of about 1.9) using a laboratory mill.",
    "样品状态(删除D，新增A)": null,
    "composition_content": [
        {
            "element": "C",
            "content": "0.17%"
        },
        {
            "element": "Mn",
            "content": "1.15%"
        },
        {
            "element": "Si",
            "content": "0.4%"
        },
        {
            "element": "Cr",
            "content": "0.95%"
        },
        {
            "element": "P",
            "content": "0.025%"
        },
        {
            "element": "S",
            "content": "0.035%"
        },
        {
            "element": "Fe",
            "content": "bal."
        }
    ],
    "printing_parameter": {},
    "tensile_condition": {
        "tensile_standard": "NONE",
        "tensile_temperature": "Room temperature",
        "tensile_speed": "1 mm/min",
        "tensile_direction": null,
        "sample_shape": "Tensile specimens (15 mm gauge length, 5 mm width and 1.2 mm thickness) were machined in rolling direction, using electro discharge machining method.; []"
    },
    "microstructure": {
        "microscope": [
            "Fig. 2"
        ],
        "EBSD_image": [
            "NONE"
        ],
        "phase_fraction": [
            "ferrite,60.8%",
            "martensite,39.2%"
        ]
    },
    "tensile_property": {
        "stress_strain_curve": "Fig. 8",
        "yield_strength": "422±18 MPa",
        "ultimate_strength": "838±14 MPa",
        "fracture_elongation": "20.01±0.59%",
        "uniform_elongation": "15.55±0.45%",
        "fracture_toughness": "147.2±5.8 J cm⁻³"
    },
    "thermal_process": [
        {
            "temperature": "880 °C",
            "time": "60 min",
            "cooling_method": "NONE",
            "pressure": "NONE",
            "atmosphere": "NONE"
        },
        {
            "temperature": "770 °C",
            "time": "100 min",
            "cooling_method": "NONE",
            "pressure": "NONE",
            "atmosphere": "NONE"
        },
        {
            "temperature": "770 °C",
            "time": "8 min",
            "cooling_method": "water quenching",
            "pressure": "NONE",
            "atmosphere": "NONE"
        }
    ]
}