{
    "title": "Microstructure and mechanical properties of sub-rapidly solidified Fe–18 wt%Mn–C alloy strip",
    "doi": "j.msea.2014.05.033",
    "ref": "https://www.sciencedirect.com/science/article/pii/S0921509314006340?via%3Dihub",
    "sample_id": "j.msea.2014.05.033_1",
    "sample_name": "Fe-18Mn-0.14C-1",
    "composition_name": "Sample 1",
    "alloy_type": "steel",
    "other_process": "cut into small chips",
    "样品状态(删除D，新增A)": null,
    "composition_content": [
        {
            "element": "Fe",
            "content": "bal."
        },
        {
            "element": "Mn",
            "content": "17.01%"
        },
        {
            "element": "C",
            "content": "0.13%"
        }
    ],
    "printing_parameter": {},
    "tensile_condition": {
        "tensile_standard": "GB/T228.1–2010",
        "tensile_temperature": "Room temperature",
        "tensile_speed": "1 × 10- 2 mm/s",
        "tensile_direction": null,
        "sample_shape": "The tensile specimens were cut out from the sheet whose gauge width and length are 2 mm and 8 mm, respectively; ['Fig. 2']"
    },
    "microstructure": {
        "microscope": [
            "Fig. 4"
        ],
        "EBSD_image": [],
        "phase_fraction": [
            "γ (austenite),Highest content before tensile testing, decreased after tensile testing",
            "ε (epsilon-martensite),High content before tensile testing, increased after tensile testing",
            "α′ (martensite),Lowest content before tensile testing, increased after tensile testing"
        ]
    },
    "tensile_property": {
        "stress_strain_curve": "Fig. 6",
        "yield_strength": "300 MPa",
        "ultimate_strength": "753 MPa",
        "fracture_elongation": "19.5%",
        "uniform_elongation": "NONE",
        "fracture_toughness": "NONE"
    },
    "thermal_process": [
        {
            "temperature": "NONE",
            "time": "NONE",
            "cooling_method": "NONE",
            "pressure": "NONE",
            "atmosphere": "NONE"
        }
    ]
}