{
    "title": "On the synergy of diffusible hydrogen content and hydrogen diffusivity in the mechanical degradation of laboratory cast Fe-C alloys",
    "doi": "j.msea.2016.03.107",
    "ref": "https://www.sciencedirect.com/science/article/pii/S0921509316302805?via%3Dihub",
    "sample_id": "j.msea.2016.03.107_4",
    "sample_name": "M2",
    "composition_name": "0.2% C",
    "alloy_type": "steel",
    "other_process": "The materials were hot rolled till 8 mm and then cold rolled to achieve a final thickness of 1.6 mm for the 0.2% and 0.4% C samples. All samples were then ground and tensile samples were machined with their tensile axis parallel to the rolling direction. Finally, the surface and edges of the sample were sandblasted to remove possible remaining oxides.",
    "样品状态(删除D，新增A)": null,
    "composition_content": [
        {
            "element": "C",
            "content": "0.199%"
        },
        {
            "element": "Mn",
            "content": "0.004%"
        },
        {
            "element": "Si",
            "content": "<0.0002%"
        },
        {
            "element": "P",
            "content": "<0.0008%"
        },
        {
            "element": "N",
            "content": "<0.0008%"
        },
        {
            "element": "Fe",
            "content": "bal."
        }
    ],
    "printing_parameter": {},
    "tensile_condition": {
        "tensile_standard": "NONE",
        "tensile_temperature": "room temperature",
        "tensile_speed": "5 mm/min",
        "tensile_direction": null,
        "sample_shape": "Notched tensile samples (cf. Fig. 2), which due to the notch locally introduce a triaxial stress state, were used to control crack initiation.; ['Fig. 2']"
    },
    "microstructure": {
        "microscope": [
            "Fig. 3"
        ],
        "EBSD_image": [
            "NONE"
        ],
        "phase_fraction": [
            "martensite,93.3%",
            "ferrite,6.7%"
        ]
    },
    "tensile_property": {
        "stress_strain_curve": "Fig. 6, Fig. 7",
        "yield_strength": "NONE",
        "ultimate_strength": "1274 MPa (Air), 1122 MPa (Charged)",
        "fracture_elongation": "3.69% (Air), 2.88% (Charged)",
        "uniform_elongation": "NONE",
        "fracture_toughness": "NONE"
    },
    "thermal_process": [
        {
            "temperature": "900 °C",
            "time": "10 min",
            "cooling_method": "water quenching",
            "pressure": "NONE",
            "atmosphere": "salt bath"
        }
    ]
}