{
    "title": "Improving ductility of high strength nanotwinned steel with reverse transformation of epsilon martensite inside nanotwin lamellae",
    "doi": "j.msea.2024.146402",
    "ref": "https://www.sciencedirect.com/science/article/pii/S0921509324003332?via%3Dihub",
    "sample_id": "j.msea.2024.146402_3",
    "sample_name": "ANN300",
    "composition_name": "Fe–25Mn-0.5C",
    "alloy_type": "steel",
    "other_process": "The HR samples were then cold-rolled 40% at room temperature to 2.4 mm in thickness (labeled CR40).",
    "样品状态(删除D，新增A)": null,
    "composition_content": [
        {
            "element": "Fe",
            "content": "bal."
        },
        {
            "element": "Mn",
            "content": "25%"
        },
        {
            "element": "C",
            "content": "0.5%"
        }
    ],
    "printing_parameter": {
        "equipment": "none",
        "laser_power": "none",
        "beam_current": "none",
        "accelerating_voltage": "none",
        "scan_speed": "none",
        "layer_thickness": "none",
        "hatch_spacing": "none",
        "rotation_angle": "none",
        "scan_strategy": "none"
    },
    "tensile_condition": {
        "tensile_standard": "none",
        "tensile_temperature": "Room temperature",
        "tensile_speed": "10− 3 s− 1",
        "tensile_strategy": "Constant crosshead speed",
        "sample_shape": "Dog-bone, 12.5 mm gauge length, 4.0 mm width, 2.0 mm thickness"
    },
    "microstructure": {
        "microscope": [
            "Fig. 4d",
            "Fig. 4e",
            "Fig. 4f"
        ],
        "EBSD_image": [
            "Fig. 3c1"
        ],
        "phase_fraction": [
            "Vγ: 84%, Vε: 16%"
        ]
    },
    "tensile_property": {
        "stress_strain_curve": "Fig. 6",
        "yield_strength": "1247 ± 7.5 MPa",
        "ultimate_strength": "1402 ± 14.5 MPa",
        "fracture_elongation": "9 ± 1.4%",
        "uniform_elongation": "none",
        "fracture_toughness": "none"
    },
    "thermal_process": [
        {
            "temperature": "300 °C",
            "time": "10 min",
            "cooling_method": "water quenching",
            "pressure": "none",
            "atmosphere": "none"
        }
    ]
}