{
    "title": "Work hardening behaviour in banded dual phase steel structures with improved formability",
    "doi": "j.msea.2017.12.078",
    "ref": "https://www.sciencedirect.com/science/article/pii/S0921509317316842?via%3Dihub",
    "sample_id": "j.msea.2017.12.078_2",
    "sample_name": "S-NB",
    "composition_name": "DH800",
    "alloy_type": "steel",
    "other_process": "The blocks were subsequently hot- and cold-rolled, followed by a continuous annealing designed specifically to either promote or suppress the occurrence of banding in the microstructure, generating B (banded) and NB (non-banded) structures respectively.",
    "样品状态(删除D，新增A)": null,
    "composition_content": [
        {
            "element": "Fe",
            "content": "bal."
        },
        {
            "element": "C",
            "content": "0.15%"
        },
        {
            "element": "Mn",
            "content": "2.05%"
        },
        {
            "element": "Si",
            "content": "0.42%"
        },
        {
            "element": "Al",
            "content": "0.55%"
        },
        {
            "element": "Cr",
            "content": "0.40%"
        },
        {
            "element": "S",
            "content": "< 0.01%"
        },
        {
            "element": "P",
            "content": "< 0.01%"
        }
    ],
    "printing_parameter": {},
    "tensile_condition": {
        "tensile_standard": "EN ISO 6892-1",
        "tensile_temperature": "Room temperature",
        "tensile_speed": "5×10-3 s-1",
        "tensile_direction": null,
        "sample_shape": "Samples were taken from the mid-section of each structural variant and machined into identical tensile specimens with a 50 mm gauge length"
    },
    "microstructure": {
        "microscope": [
            "Fig. 3",
            "Fig. 4"
        ],
        "EBSD_image": [],
        "phase_fraction": [
            "ferrite (α),80.5%",
            "martensite (α'),3.9%",
            "austenite (γ),15.6%"
        ]
    },
    "tensile_property": {
        "stress_strain_curve": "Fig. 5",
        "yield_strength": "366 MPa",
        "ultimate_strength": "875 MPa",
        "fracture_elongation": "20.4%",
        "uniform_elongation": "16.1%",
        "fracture_toughness": "NONE"
    },
    "thermal_process": [
        {
            "temperature": "800 °C",
            "time": "60 s",
            "cooling_method": "cooling down to 650 °C at 1 °C/s",
            "pressure": "NONE",
            "atmosphere": "NONE"
        },
        {
            "temperature": "NONE",
            "time": "NONE",
            "cooling_method": "NONE",
            "pressure": "NONE",
            "atmosphere": "NONE"
        }
    ]
}