{
    "title": "Enhanced mechanical properties of a V+Nb-microalloyed medium-carbon steel by controlled forging",
    "doi": "j.msea.2024.146450",
    "ref": "https://www.sciencedirect.com/science/article/pii/S0921509324003812?via%3Dihub",
    "sample_id": "j.msea.2024.146450_3",
    "sample_name": "QT-200",
    "composition_name": "tested steel",
    "alloy_type": "steel",
    "other_process": "none",
    "样品状态(删除D，新增A)": null,
    "composition_content": [
        {
            "element": "C",
            "content": "0.44%"
        },
        {
            "element": "Si",
            "content": "0.25%"
        },
        {
            "element": "Mn",
            "content": "0.66%"
        },
        {
            "element": "P",
            "content": "0.003%"
        },
        {
            "element": "S",
            "content": "0.004%"
        },
        {
            "element": "Cr",
            "content": "0.94%"
        },
        {
            "element": "Ni",
            "content": "1.05%"
        },
        {
            "element": "Mo",
            "content": "0.29%"
        },
        {
            "element": "V",
            "content": "0.19%"
        },
        {
            "element": "Nb",
            "content": "0.027%"
        },
        {
            "element": "Fe",
            "content": "bal."
        }
    ],
    "printing_parameter": {
        "equipment": "none",
        "laser_power": "none",
        "beam_current": "none",
        "accelerating_voltage": "none",
        "scan_speed": "none",
        "layer_thickness": "none",
        "hatch_spacing": "none",
        "rotation_angle": "none",
        "scan_strategy": "none"
    },
    "tensile_condition": {
        "tensile_standard": "none",
        "tensile_temperature": "Room temperature",
        "tensile_speed": "1 mm/min",
        "tensile_strategy": "Constant crosshead speed",
        "sample_shape": "Standard smooth round bar specimens with a diameter of 5 mm and a gauge length of 25 mm"
    },
    "microstructure": {
        "microscope": [
            "Fig. 3",
            "Fig. 4"
        ],
        "EBSD_image": [
            "none"
        ],
        "phase_fraction": [
            "short rod ε-carbides"
        ]
    },
    "tensile_property": {
        "stress_strain_curve": "Fig. 10",
        "yield_strength": "1476 MPa",
        "ultimate_strength": "1894 MPa",
        "fracture_elongation": "13.0%",
        "uniform_elongation": "none",
        "fracture_toughness": "none"
    },
    "thermal_process": [
        {
            "temperature": "945 °C",
            "time": "45 min",
            "cooling_method": "oil quenching",
            "pressure": "none",
            "atmosphere": "none"
        },
        {
            "temperature": "200 °C",
            "time": "120 min",
            "cooling_method": "air cooling",
            "pressure": "none",
            "atmosphere": "none"
        }
    ]
}