{
    "title": "Microstructural design in quenched and partitioned (Q&P) steels to improve their fracture properties",
    "doi": "j.msea.2016.01.011",
    "ref": "https://www.sciencedirect.com/science/article/pii/S0921509316300089?via%3Dihub",
    "sample_id": "j.msea.2016.01.011_2",
    "sample_name": "PT-400",
    "composition_name": "PT-400",
    "alloy_type": "steel",
    "other_process": "The obtained strips were cut perpendicular to the rolling direction and subsequently subjected to Q&P heat treatment cycles in a reactive annealing process simulator.",
    "样品状态(删除D，新增A)": null,
    "composition_content": [
        {
            "element": "C",
            "content": "0.25%"
        },
        {
            "element": "Si",
            "content": "1.5%"
        },
        {
            "element": "Mn",
            "content": "3%"
        },
        {
            "element": "Al",
            "content": "0.023%"
        },
        {
            "element": "Cr",
            "content": "0.015%"
        },
        {
            "element": "Fe",
            "content": "bal."
        }
    ],
    "printing_parameter": {},
    "tensile_condition": {
        "tensile_standard": "ASTM E8",
        "tensile_temperature": "Room temperature",
        "tensile_speed": "1.95 mm/min",
        "tensile_direction": null,
        "sample_shape": "Tensile specimens with a gauge length of 31.75 mm and a gauge width of 6.35 mm were machined from the Q&P processed strips.; []"
    },
    "microstructure": {
        "microscope": [
            "NONE"
        ],
        "EBSD_image": [
            "Fig. 2"
        ],
        "phase_fraction": [
            "tempered martensite (TM),77.82%",
            "retained austenite (RA),11.48±0.57%",
            "untempered martensite (UM),10.69%"
        ]
    },
    "tensile_property": {
        "stress_strain_curve": null,
        "yield_strength": "1119±22 MPa",
        "ultimate_strength": "1341±27 MPa",
        "fracture_elongation": "12.9±1.1%",
        "uniform_elongation": "9.5±0.8%",
        "fracture_toughness": "148.8±5.9 MPa·√m"
    },
    "thermal_process": [
        {
            "temperature": "850 °C",
            "time": "NONE",
            "cooling_method": "Quenched at 20 °C/s to 244 °C",
            "pressure": "NONE",
            "atmosphere": "NONE"
        },
        {
            "temperature": "244 °C",
            "time": "NONE",
            "cooling_method": "Heated at 10 °C/s to 400 °C",
            "pressure": "NONE",
            "atmosphere": "NONE"
        },
        {
            "temperature": "400 °C",
            "time": "500 seconds",
            "cooling_method": "Final quenching to room temperature at 20 °C/s",
            "pressure": "NONE",
            "atmosphere": "NONE"
        }
    ]
}