{
    "title": "Effects of coiling temperature and pipe-forming strain on yield strength variation after ERW pipe forming of API X70 and X80 linepipe steels",
    "doi": "j.msea.2016.11.065",
    "ref": "https://www.sciencedirect.com/science/article/pii/S0921509316314290?via%3Dihub",
    "sample_id": "j.msea.2016.11.065_3",
    "sample_name": "X8-HL",
    "composition_name": "X80",
    "alloy_type": "steel",
    "other_process": "An overall grain refinement effect was expected by rolling with a high rolling reduction ratio (over 80%) in the non-recrystallized region of austenite.",
    "样品状态(删除D，新增A)": null,
    "composition_content": [
        {
            "element": "C",
            "content": "<0.06%"
        },
        {
            "element": "Mn",
            "content": "<1.5%"
        },
        {
            "element": "Si",
            "content": "0.3%"
        },
        {
            "element": "Ni",
            "content": "<0.6%"
        },
        {
            "element": "Cu",
            "content": "<0.6%"
        },
        {
            "element": "Cr",
            "content": "<0.4%"
        },
        {
            "element": "Mo",
            "content": "0.3%"
        },
        {
            "element": "Al",
            "content": "0.03%"
        },
        {
            "element": "Ti",
            "content": "<0.15%"
        },
        {
            "element": "Nb",
            "content": "<0.15%"
        },
        {
            "element": "V",
            "content": "<0.15%"
        },
        {
            "element": "Fe",
            "content": "bal."
        }
    ],
    "printing_parameter": {},
    "tensile_condition": {
        "tensile_standard": "ASTM E8/E8M",
        "tensile_temperature": "Room temperature",
        "tensile_speed": "0.3 mm/min",
        "tensile_direction": null,
        "sample_shape": "Round specimens (gage diameter; 6 mm, gage length; 25 mm)"
    },
    "microstructure": {
        "microscope": [
            "Fig. 2",
            "Fig. 3"
        ],
        "EBSD_image": [
            "Fig. 5"
        ],
        "phase_fraction": [
            "QPF,25.2±3.8%",
            "AF,41.4±3.3%",
            "GB,27.3±3.2%",
            "BF,4.2±2.7%",
            "Pearlite,0.2±0.05%",
            "MA,2.1±0.4%"
        ]
    },
    "tensile_property": {
        "stress_strain_curve": "Fig. 8, Fig. 9",
        "yield_strength": "NONE",
        "ultimate_strength": "NONE",
        "fracture_elongation": "NONE",
        "uniform_elongation": "NONE",
        "fracture_toughness": "NONE"
    },
    "thermal_process": [
        {
            "temperature": "1215 °C~1235 °C",
            "time": "NONE",
            "cooling_method": "Cooled from FDT to 540 °C ~570 °C",
            "pressure": "NONE",
            "atmosphere": "NONE"
        }
    ]
}