{
    "title": "A fast evaluation method for fatigue strength of maraging steel: The minimum strength principle",
    "doi": "j.msea.2020.139659",
    "ref": "https://www.sciencedirect.com/science/article/pii/S0921509320307371?via%3Dihub",
    "sample_id": "j.msea.2020.139659_1",
    "sample_name": "500 °C for 5 h",
    "composition_name": "composition_1",
    "alloy_type": "steel",
    "other_process": "The metallographic samples were electropolished at a voltage of 21 V in a solution of 10% HClO4 and 90% CH3COOH for 40 s at room temperature. The preparation of the slender tensile (ST) specimens consisted of cutting off from the aged bar by the wire cut electrical discharge machining (WEDM) and sanding to remove the rough surface caused by WEDM. Electrochemical etching method was used for dimension reduction of the section of the specimen.",
    "样品状态(删除D，新增A)": null,
    "composition_content": [
        {
            "element": "Ti",
            "content": "1.55%"
        },
        {
            "element": "Cr",
            "content": "0.21%"
        },
        {
            "element": "Mo",
            "content": "3.24%"
        },
        {
            "element": "Ni",
            "content": "18.4%"
        },
        {
            "element": "Si",
            "content": "0.07%"
        },
        {
            "element": "Mn",
            "content": "<0.005%"
        },
        {
            "element": "P",
            "content": "<0.005%"
        },
        {
            "element": "S",
            "content": "<0.003%"
        },
        {
            "element": "C",
            "content": "<0.02%"
        },
        {
            "element": "Fe",
            "content": "bal."
        }
    ],
    "printing_parameter": {},
    "tensile_condition": {
        "tensile_standard": "NONE",
        "tensile_temperature": "Room temperature",
        "tensile_speed": "5 × 10 -4 s -1",
        "tensile_direction": null,
        "sample_shape": "The regular tensile (RT) tests were conducted on a universal testing machine (model: Instron 5982) using plate tensile specimens, of which the dimensions configurations can be seen in Fig. 2a, at a strain rate of 5 × 10−4 s−1 at room temperature. The slender tensile (ST) specimens had a section of about 200 × 200 μm² after sanding and further reduced by electrochemical etching method. The ST tests were carried out on the MMT110 N testing machine at a strain rate of 5 × 10−4 s−1 at room temperature.; ['Fig. 2a']"
    },
    "microstructure": {
        "microscope": [
            "Fig. 3"
        ],
        "EBSD_image": [],
        "phase_fraction": [
            "lath martensite,major phase",
            "reverted austenite,minor phase",
            "rod-shaped precipitates",
            "Ni3Ti"
        ]
    },
    "tensile_property": {
        "stress_strain_curve": "Fig. 5",
        "yield_strength": "1730±15 MPa (RT), 1440 MPa (ST)",
        "ultimate_strength": "1970±17 MPa (RT)",
        "fracture_elongation": "NONE",
        "uniform_elongation": "0.3% (ST)",
        "fracture_toughness": "NONE"
    },
    "thermal_process": [
        {
            "temperature": "850 °C",
            "time": "1 h",
            "cooling_method": "water-quench",
            "pressure": "NONE",
            "atmosphere": "NONE"
        },
        {
            "temperature": "500 °C",
            "time": "5 h",
            "cooling_method": "NONE",
            "pressure": "NONE",
            "atmosphere": "NONE"
        }
    ]
}