{
    "title": "Effect of low-temperature on mechanical behavior for an AISI 304 austenitic stainless steel",
    "doi": "j.msea.2017.11.003",
    "ref": "https://www.sciencedirect.com/science/article/pii/S0921509317314533?via%3Dihub",
    "sample_id": "j.msea.2017.11.003_4",
    "sample_name": "AISI 304 ASS at 77 K",
    "composition_name": "AISI 304 ASS",
    "alloy_type": "steel",
    "other_process": "NONE",
    "样品状态(删除D，新增A)": null,
    "composition_content": [
        {
            "element": "C",
            "content": "0.045%"
        },
        {
            "element": "Mn",
            "content": "1.11%"
        },
        {
            "element": "Cr",
            "content": "18.13%"
        },
        {
            "element": "Ni",
            "content": "8.25%"
        },
        {
            "element": "Si",
            "content": "0.44%"
        },
        {
            "element": "N",
            "content": "0.053%"
        },
        {
            "element": "S",
            "content": "0.0076%"
        },
        {
            "element": "P",
            "content": "0.034%"
        },
        {
            "element": "Fe",
            "content": "bal."
        }
    ],
    "printing_parameter": {},
    "tensile_condition": {
        "tensile_standard": "NONE",
        "tensile_temperature": "77 K",
        "tensile_speed": "6 ×10−4 s−1",
        "tensile_direction": null,
        "sample_shape": "Dog-bone-shaped specimens were cut from the rolling direction of the AISI 304 ASS plate with a gage section of Φ5 × 25 mm2; ['Fig. 1']"
    },
    "microstructure": {
        "microscope": [
            "Fig. 2"
        ],
        "EBSD_image": [],
        "phase_fraction": [
            "austenite (γ),Major phase, traces of TIMT at temperatures below Ms (~110 K)",
            "α'-martensite (SIMα′),Emerges below Ms (~110 K), content increases with decreasing temperature up to 77 K then decreases slightly at 20 K",
            "M23C6"
        ]
    },
    "tensile_property": {
        "stress_strain_curve": "Fig. 4",
        "yield_strength": "420 MPa",
        "ultimate_strength": "1986 MPa",
        "fracture_elongation": "NONE",
        "uniform_elongation": "26%",
        "fracture_toughness": "196±3 J"
    },
    "thermal_process": []
}