{
    "title": "Microstructural design in quenched and partitioned (Q&P) steels to improve their fracture properties",
    "doi": "j.msea.2016.01.011",
    "ref": "https://www.sciencedirect.com/science/article/pii/S0921509316300089?via%3Dihub",
    "sample_id": "j.msea.2016.01.011_3",
    "sample_name": "PT-450",
    "composition_name": "PT-450",
    "alloy_type": "steel",
    "other_process": "The obtained strips were cut perpendicular to the rolling direction and subsequently subjected to Q&P heat treatment cycles in a reactive annealing process simulator.",
    "样品状态(删除D，新增A)": null,
    "composition_content": [
        {
            "element": "C",
            "content": "0.28%"
        },
        {
            "element": "Si",
            "content": "2%"
        },
        {
            "element": "Mn",
            "content": "2.5%"
        },
        {
            "element": "Al",
            "content": "0.03%"
        },
        {
            "element": "Cr",
            "content": "0.15%"
        },
        {
            "element": "Fe",
            "content": "bal."
        }
    ],
    "printing_parameter": {},
    "tensile_condition": {
        "tensile_standard": "ASTM E8",
        "tensile_temperature": "Room temperature",
        "tensile_speed": "1.95 mm/min",
        "tensile_direction": null,
        "sample_shape": "Tensile specimens with a gauge length of 31.75 mm and a gauge width of 6.35 mm were machined from the Q&P processed strips.; []"
    },
    "microstructure": {
        "microscope": [
            "NONE"
        ],
        "EBSD_image": [
            "Fig. 2",
            "Fig. 3"
        ],
        "phase_fraction": [
            "tempered martensite (TM),60.94%",
            "retained austenite (RA),23.8±1.19%",
            "untempered martensite (UM),15.27%"
        ]
    },
    "tensile_property": {
        "stress_strain_curve": null,
        "yield_strength": "1034±20 MPa",
        "ultimate_strength": "1425±30 MPa",
        "fracture_elongation": "15.8±1.6%",
        "uniform_elongation": "9.6±0.9%",
        "fracture_toughness": "117.17±8.99 MPa·√m"
    },
    "thermal_process": [
        {
            "temperature": "850 °C",
            "time": "NONE",
            "cooling_method": "Quenched at 20 °C/s to 240 °C",
            "pressure": "NONE",
            "atmosphere": "NONE"
        },
        {
            "temperature": "240 °C",
            "time": "NONE",
            "cooling_method": "Heated at 10 °C/s to 450 °C",
            "pressure": "NONE",
            "atmosphere": "NONE"
        },
        {
            "temperature": "450 °C",
            "time": "NONE",
            "cooling_method": "Final quenching to room temperature at 20 °C/s",
            "pressure": "NONE",
            "atmosphere": "NONE"
        }
    ]
}