{
    "title": "Correlation of microstructure and strain hardening behavior in the ultrafine-grained Nb-bearing dual phase steels",
    "doi": "j.msea.2016.09.108",
    "ref": "https://www.sciencedirect.com/science/article/pii/S0921509316311960?via%3Dihub",
    "sample_id": "j.msea.2016.09.108_1",
    "sample_name": "As-received",
    "composition_name": "As-received",
    "alloy_type": "steel",
    "other_process": "NONE",
    "样品状态(删除D，新增A)": null,
    "composition_content": [
        {
            "element": "Nb",
            "content": "0.00%"
        },
        {
            "element": "C",
            "content": "0.17%"
        },
        {
            "element": "Mn",
            "content": "1.15%"
        },
        {
            "element": "Cr",
            "content": "0.95%"
        },
        {
            "element": "Si",
            "content": "0.4%"
        },
        {
            "element": "Fe",
            "content": "bal."
        }
    ],
    "printing_parameter": {},
    "tensile_condition": {
        "tensile_standard": "NONE",
        "tensile_temperature": "Room temperature",
        "tensile_speed": "1 mm/min",
        "tensile_direction": null,
        "sample_shape": "flat specimens with a gauge length of 11 mm; []"
    },
    "microstructure": {
        "microscope": [],
        "EBSD_image": [],
        "phase_fraction": []
    },
    "tensile_property": {
        "stress_strain_curve": "Fig. 7",
        "yield_strength": "412±18 MPa",
        "ultimate_strength": "614±23 MPa",
        "fracture_elongation": "13±3%",
        "uniform_elongation": "NONE",
        "fracture_toughness": "NONE"
    },
    "thermal_process": [
        {
            "temperature": "880 °C",
            "time": "60 min",
            "cooling_method": "water quenching",
            "pressure": "NONE",
            "atmosphere": "NONE"
        },
        {
            "temperature": "770 °C",
            "time": "100 min",
            "cooling_method": "water quenching",
            "pressure": "NONE",
            "atmosphere": "NONE"
        }
    ]
}