{
    "title": "Influence of cold rolling on the stability of retained austenite and mechanical properties of a Cu bearing low carbon low manganese steel",
    "doi": "j.msea.2022.143455",
    "ref": "https://www.sciencedirect.com/science/article/pii/S0921509322008449?via%3Dihub",
    "sample_id": "j.msea.2022.143455_3",
    "sample_name": "HLT",
    "composition_name": "composition_1",
    "alloy_type": "steel",
    "other_process": "hot-rolling",
    "样品状态(删除D，新增A)": null,
    "composition_content": [
        {
            "element": "Fe",
            "content": "bal."
        },
        {
            "element": "C",
            "content": "0.23%"
        },
        {
            "element": "Mn",
            "content": "2.21%"
        },
        {
            "element": "Ni",
            "content": "2.00%"
        },
        {
            "element": "Cu",
            "content": "1.91%"
        },
        {
            "element": "Al",
            "content": "1.16%"
        },
        {
            "element": "Si",
            "content": "0.59%"
        },
        {
            "element": "Mo",
            "content": "0.26%"
        }
    ],
    "printing_parameter": {},
    "tensile_condition": {
        "tensile_standard": "ISO 6892–1",
        "tensile_temperature": "Room temperature",
        "tensile_speed": "NONE",
        "tensile_direction": null,
        "sample_shape": "H, HL, HLT samples - gauge 5 mm in diameter and 25 mm in length; []"
    },
    "microstructure": {
        "microscope": [
            "Fig. 4"
        ],
        "EBSD_image": [
            "Fig. 5"
        ],
        "phase_fraction": [
            "γ,6 ± 3%(XRD)",
            "ferrite(XRD)",
            "γ,94 ± 3%",
            "γ,7.1±2%(SEM）"
        ]
    },
    "tensile_property": {
        "stress_strain_curve": "Fig. 10",
        "yield_strength": "1067 MPa",
        "ultimate_strength": "1104 MPa",
        "fracture_elongation": "20.0%",
        "uniform_elongation": "8.5%",
        "fracture_toughness": "NONE"
    },
    "thermal_process": [
        {
            "temperature": "1200 °C",
            "time": "2h",
            "cooling_method": "water quenched",
            "pressure": "NONE",
            "atmosphere": "NONE"
        },
        {
            "temperature": "680 °C",
            "time": "30 min",
            "cooling_method": "water quenched",
            "pressure": "NONE",
            "atmosphere": "NONE"
        },
        {
            "temperature": "500 °C",
            "time": "30 min",
            "cooling_method": "water quenched",
            "pressure": "NONE",
            "atmosphere": "NONE"
        }
    ]
}