{
    "title": "Improving ductility of high strength nanotwinned steel with reverse transformation of epsilon martensite inside nanotwin lamellae",
    "doi": "j.msea.2024.146402",
    "ref": "https://www.sciencedirect.com/science/article/pii/S0921509324003332?via%3Dihub",
    "sample_id": "j.msea.2024.146402_1",
    "sample_name": "HR",
    "composition_name": "Fe–25Mn-0.5C",
    "alloy_type": "steel",
    "other_process": "none",
    "样品状态(删除D，新增A)": null,
    "composition_content": [
        {
            "element": "Fe",
            "content": "bal."
        },
        {
            "element": "Mn",
            "content": "25%"
        },
        {
            "element": "C",
            "content": "0.5%"
        }
    ],
    "printing_parameter": {
        "equipment": "none",
        "laser_power": "none",
        "beam_current": "none",
        "accelerating_voltage": "none",
        "scan_speed": "none",
        "layer_thickness": "none",
        "hatch_spacing": "none",
        "rotation_angle": "none",
        "scan_strategy": "none"
    },
    "tensile_condition": {
        "tensile_standard": "none",
        "tensile_temperature": "Room temperature",
        "tensile_speed": "10− 3 s− 1",
        "tensile_strategy": "Constant crosshead speed",
        "sample_shape": "Dog-bone, 12.5 mm gauge length, 4.0 mm width, 2.0 mm thickness"
    },
    "microstructure": {
        "microscope": [
            "none"
        ],
        "EBSD_image": [
            "Fig. 3a1"
        ],
        "phase_fraction": [
            "Vγ: 100%"
        ]
    },
    "tensile_property": {
        "stress_strain_curve": "Fig. 6",
        "yield_strength": "357 ± 8.8 MPa",
        "ultimate_strength": "912 ± 12.8 MPa",
        "fracture_elongation": "62 ± 3.1%",
        "uniform_elongation": "none",
        "fracture_toughness": "none"
    },
    "thermal_process": []
}