{
    "title": "Microstructure and tensile properties of additive manufactured Ti-6Al-4V with refined prior-β grain structure obtained by rapid heat treatment",
    "doi": "j.msea.2021.141271",
    "ref": "https://www.sciencedirect.com/science/article/pii/S0921509321005402?via%3Dihub",
    "sample_id": "j.msea.2021.141271_4",
    "sample_name": "RHT2",
    "composition_name": "composition_1",
    "alloy_type": "titanium",
    "other_process": "NONE",
    "样品状态(删除D，新增A)": null,
    "composition_content": [
        {
            "element": "Ti",
            "content": "bal."
        },
        {
            "element": "Al",
            "content": "5.7%"
        },
        {
            "element": "V",
            "content": "3.3%"
        }
    ],
    "printing_parameter": {
        "equipment": "EOSINT M290",
        "laser_power": "NONE",
        "beam_current": "NONE",
        "accelerating_voltage": "NONE",
        "scan_speed": "NONE",
        "layer_thickness": "NONE",
        "hatch_spacing": "NONE",
        "rotation_angle": "90°",
        "scan_strategy": "NONE"
    },
    "tensile_condition": {
        "tensile_standard": "ASTM E8/E8M − 16a",
        "tensile_temperature": "room temperature",
        "tensile_speed": "0.14 mm/min",
        "tensile_direction": null,
        "sample_shape": "Tensile specimens with a diameter of 4 mm and a gauge length of 20.4 mm; []"
    },
    "microstructure": {
        "microscope": [
            "Fig. 2",
            "Fig. 4"
        ],
        "EBSD_image": [
            "Fig. 8",
            "Fig. 9"
        ],
        "phase_fraction": [
            "α+β,traces of β phase"
        ]
    },
    "tensile_property": {
        "stress_strain_curve": "Fig. 10",
        "yield_strength": "858±14 MPa",
        "ultimate_strength": "937±12 MPa",
        "fracture_elongation": "16.0±1.1%",
        "uniform_elongation": "NONE",
        "fracture_toughness": "NONE"
    },
    "thermal_process": [
        {
            "temperature": "1005 °C",
            "time": "1 s",
            "cooling_method": "cooled at 4 °C/s",
            "pressure": "NONE",
            "atmosphere": "NONE"
        }
    ]
}