{
    "title": "Shaping mechanism of ultrafine metastable austenite in HSLA steels through a cumulative process of hot rolling, partitioning and tempering",
    "doi": "j.msea.2021.141060",
    "ref": "https://www.sciencedirect.com/science/article/pii/S0921509321003294?via%3Dihub",
    "sample_id": "j.msea.2021.141060_2",
    "sample_name": "Q780",
    "composition_name": "composition_1",
    "alloy_type": "steel",
    "other_process": "NONE",
    "样品状态(删除D，新增A)": null,
    "composition_content": [
        {
            "element": "C",
            "content": "0.117%"
        },
        {
            "element": "Mn",
            "content": "2.88%"
        },
        {
            "element": "Ni",
            "content": "1.13%"
        },
        {
            "element": "Cu",
            "content": "0.89%"
        },
        {
            "element": "Si",
            "content": "0.4%"
        },
        {
            "element": "Mo",
            "content": "0.2%"
        },
        {
            "element": "Nb",
            "content": "0.07%"
        },
        {
            "element": "Fe",
            "content": "bal."
        }
    ],
    "printing_parameter": {},
    "tensile_condition": {
        "tensile_standard": "ASTM E8",
        "tensile_temperature": "Room temperature",
        "tensile_speed": "0.001s− 1",
        "tensile_direction": null,
        "sample_shape": "Standard tensile test samples (gauge length 25 mm); []"
    },
    "microstructure": {
        "microscope": [
            "Fig. 2"
        ],
        "EBSD_image": [],
        "phase_fraction": [
            "martensite (α'),94.2%",
            "retained austenite (RA),5.7%"
        ]
    },
    "tensile_property": {
        "stress_strain_curve": "Fig. 1",
        "yield_strength": "1051 MPa",
        "ultimate_strength": "1403 MPa",
        "fracture_elongation": "13.6%",
        "uniform_elongation": "4.7%",
        "fracture_toughness": "NONE"
    },
    "thermal_process": [
        {
            "temperature": "780 °C",
            "time": "1 h",
            "cooling_method": "NONE",
            "pressure": "NONE",
            "atmosphere": "NONE"
        }
    ]
}