{
    "title": "Laser metal deposition of low carbon 410L stainless steel and heat treatment",
    "doi": "j.msea.2023.144987",
    "ref": "https://www.sciencedirect.com/science/article/pii/S0921509323004112?via%3Dihub",
    "sample_id": "j.msea.2023.144987_1",
    "sample_name": "as-built 410L",
    "composition_name": "410L",
    "alloy_type": "steel",
    "other_process": "NONE",
    "样品状态(删除D，新增A)": null,
    "composition_content": [
        {
            "element": "C",
            "content": "0.004%"
        },
        {
            "element": "Cr",
            "content": "12.2%"
        },
        {
            "element": "Mn",
            "content": "0.35%"
        },
        {
            "element": "Si",
            "content": "0.32%"
        },
        {
            "element": "Ni",
            "content": "0.32%"
        },
        {
            "element": "Fe",
            "content": "bal."
        }
    ],
    "printing_parameter": {},
    "tensile_condition": {
        "tensile_standard": "NONE",
        "tensile_temperature": "Room temperature",
        "tensile_speed": "10− 3 s− 1",
        "tensile_direction": null,
        "sample_shape": "The gauge dimensions of the tensile samples were 14 mm × 4 mm × 2.5 mm and the total length was 50 mm.; []"
    },
    "microstructure": {
        "microscope": [
            "Fig. 2"
        ],
        "EBSD_image": [
            "Fig. 3"
        ],
        "phase_fraction": [
            "ferrite,Traces",
            "δ-ferrite,Bright phase",
            "martensite,Traces",
            "Carbide precipitates"
        ]
    },
    "tensile_property": {
        "stress_strain_curve": "Fig. 12b",
        "yield_strength": "601.9±32.7 MPa",
        "ultimate_strength": "923.0±13.3 MPa",
        "fracture_elongation": "17.7±1.8%",
        "uniform_elongation": "NONE",
        "fracture_toughness": "NONE"
    },
    "thermal_process": []
}