{
    "title": "Effect of addition of micron-sized lanthanum oxide particles on morphologies, microstructures and properties of the wire laser additively manufactured Ti–6Al–4V alloy",
    "doi": "j.msea.2020.140475",
    "ref": "https://www.sciencedirect.com/science/article/pii/S0921509320315380?via%3Dihub",
    "sample_id": "j.msea.2020.140475_4",
    "sample_name": "Ti-6Al-4V with 10% La2O3",
    "composition_name": "Ti-6Al-4V + 10% La2O3",
    "alloy_type": "titanium",
    "other_process": "coating with mixed ethanol–La2O3 solution before each pass of deposition",
    "样品状态(删除D，新增A)": null,
    "composition_content": [
        {
            "element": "Ti",
            "content": "bal."
        },
        {
            "element": "Al",
            "content": "6%"
        },
        {
            "element": "V",
            "content": "4%"
        },
        {
            "element": "La",
            "content": "10%"
        },
        {
            "element": "O",
            "content": "calculated based on La2O3 stoichiometry"
        }
    ],
    "printing_parameter": {},
    "tensile_condition": {
        "tensile_standard": "ASTM standard D1708",
        "tensile_temperature": "room temperature",
        "tensile_speed": "0.005 mm/min",
        "tensile_direction": null,
        "sample_shape": "three dog bone-shaped tensile specimens were cut from the deposits along the directions perpendicular and parallel to the deposition direction, separately. The gauge length was 6 mm and the cross-sectional area of parallel segment was 2 mm × 2 mm; ['Fig. 2']"
    },
    "microstructure": {
        "microscope": [
            "Fig. 3",
            "Fig. 4",
            "Fig. 5",
            "Fig. 6"
        ],
        "EBSD_image": [],
        "phase_fraction": [
            "α,Traces",
            "β,Traces",
            "La2O3"
        ]
    },
    "tensile_property": {
        "stress_strain_curve": "NONE",
        "yield_strength": "NONE",
        "ultimate_strength": "1145 MPa (transverse), 1153 MPa (longitudinal)",
        "fracture_elongation": "8% (transverse), 9% (longitudinal)",
        "uniform_elongation": "NONE",
        "fracture_toughness": "NONE"
    },
    "thermal_process": []
}