{
    "title": "The role of the microstructure on the influence of hydrogen on some advanced high-strength steels",
    "doi": "j.msea.2017.12.079",
    "ref": "https://www.sciencedirect.com/science/article/pii/S0921509317316854?via%3Dihub",
    "sample_id": "j.msea.2017.12.079_6",
    "sample_name": "950TW",
    "composition_name": "950TW",
    "alloy_type": "steel",
    "other_process": "ultrasonic cleaning in a hot Alconox solution for 30 min",
    "样品状态(删除D，新增A)": null,
    "composition_content": [
        {
            "element": "C",
            "content": "0.60%"
        },
        {
            "element": "Si",
            "content": "0.09%"
        },
        {
            "element": "Mn",
            "content": "15.2%"
        },
        {
            "element": "Al",
            "content": "1.46%"
        },
        {
            "element": "Fe",
            "content": "bal."
        }
    ],
    "printing_parameter": {},
    "tensile_condition": {
        "tensile_standard": "NONE",
        "tensile_temperature": "Room temperature",
        "tensile_speed": "NONE",
        "tensile_direction": null,
        "sample_shape": "Dog-bone-shaped specimens; []"
    },
    "microstructure": {
        "microscope": [
            "NONE"
        ],
        "EBSD_image": [],
        "phase_fraction": [
            "austenite,100%",
            "AlN"
        ]
    },
    "tensile_property": {
        "stress_strain_curve": null,
        "yield_strength": "497 MPa",
        "ultimate_strength": "981 MPa",
        "fracture_elongation": "45%",
        "uniform_elongation": "NONE",
        "fracture_toughness": "NONE"
    },
    "thermal_process": []
}