{
    "title": "Laser metal deposition of low carbon 410L stainless steel and heat treatment",
    "doi": "j.msea.2023.144987",
    "ref": "https://www.sciencedirect.com/science/article/pii/S0921509323004112?via%3Dihub",
    "sample_id": "j.msea.2023.144987_2",
    "sample_name": "heat-treated 410L at 1000 °C/10min",
    "composition_name": "410L",
    "alloy_type": "steel",
    "other_process": "NONE",
    "样品状态(删除D，新增A)": null,
    "composition_content": [
        {
            "element": "C",
            "content": "0.004%"
        },
        {
            "element": "Cr",
            "content": "12.2%"
        },
        {
            "element": "Mn",
            "content": "0.35%"
        },
        {
            "element": "Si",
            "content": "0.32%"
        },
        {
            "element": "Ni",
            "content": "0.32%"
        },
        {
            "element": "Fe",
            "content": "bal."
        }
    ],
    "printing_parameter": {},
    "tensile_condition": {
        "tensile_standard": "NONE",
        "tensile_temperature": "Room temperature",
        "tensile_speed": "0.6 mm/min",
        "tensile_direction": null,
        "sample_shape": "The gauge dimensions of the tensile samples were 14 mm × 4 mm × 2.5 mm and the total length was 50 mm.; []"
    },
    "microstructure": {
        "microscope": [
            "Fig. 5",
            "Fig. 11",
            "Fig. 14"
        ],
        "EBSD_image": [
            "Fig. 7"
        ],
        "phase_fraction": [
            "ferrite,Fine equiaxed grains",
            "martensite,High dislocation density",
            "NONE"
        ]
    },
    "tensile_property": {
        "stress_strain_curve": "Fig. 12b",
        "yield_strength": "930.6±10.5 MPa",
        "ultimate_strength": "1101.5±2.4 MPa",
        "fracture_elongation": "15.1±1.4%",
        "uniform_elongation": "NONE",
        "fracture_toughness": "NONE"
    },
    "thermal_process": [
        {
            "temperature": "1000 °C",
            "time": "10 min",
            "cooling_method": "water quenching",
            "pressure": "NONE",
            "atmosphere": "NONE"
        }
    ]
}