{
    "title": "Strengthening a medium-carbon steel to 2800 MPa by tailoring nanosized precipitates and the phase ratio",
    "doi": "j.msea.2019.05.076",
    "ref": "https://www.sciencedirect.com/science/article/pii/S0921509319306987?via%3Dihub",
    "sample_id": "j.msea.2019.05.076_1",
    "sample_name": "steel A",
    "composition_name": "composition_1",
    "alloy_type": "steel",
    "other_process": "cold-rolled, hot-rolled",
    "样品状态(删除D，新增A)": null,
    "composition_content": [
        {
            "element": "Mn",
            "content": "1.76%"
        },
        {
            "element": "Al",
            "content": "1.61%"
        },
        {
            "element": "Cu",
            "content": "0.52%"
        },
        {
            "element": "Mo",
            "content": "0.195%"
        },
        {
            "element": "Ti",
            "content": "0.11%"
        },
        {
            "element": "V",
            "content": "0.028%"
        },
        {
            "element": "Si",
            "content": "0.47%"
        },
        {
            "element": "C",
            "content": "0.56%"
        },
        {
            "element": "P",
            "content": "0.006%"
        },
        {
            "element": "S",
            "content": "0.006%"
        },
        {
            "element": "Fe",
            "content": "bal."
        }
    ],
    "printing_parameter": {},
    "tensile_condition": {
        "tensile_standard": "NONE",
        "tensile_temperature": "Room temperature",
        "tensile_speed": "5 × 10 -3 S -1",
        "tensile_direction": null,
        "sample_shape": "The dog-bone specimens were cut from the middle of as-annealed steels along the rolling direction (RD) using electron discharge machine and mechanically polished using silica paper to the gage dimensions of 15 × 4 × 1.2 mm3."
    },
    "microstructure": {
        "microscope": [
            "Fig. 3",
            "Fig. 5",
            "Fig. 7",
            "Fig. 8"
        ],
        "EBSD_image": [],
        "phase_fraction": [
            "martensite,67%",
            "ferrite,23%",
            "retained austenite,10% (C 1.1 wt%)",
            "rod-like ε-Fe3C",
            "spherical Cu-precipitates"
        ]
    },
    "tensile_property": {
        "stress_strain_curve": "Fig. 4",
        "yield_strength": "1000 MPa",
        "ultimate_strength": "2800 MPa",
        "fracture_elongation": "18%",
        "uniform_elongation": "NONE",
        "fracture_toughness": "NONE"
    },
    "thermal_process": [
        {
            "temperature": "820 °C",
            "time": "180 s",
            "cooling_method": "quenched to 180 °C and held for 300 s",
            "pressure": "NONE",
            "atmosphere": "NONE"
        }
    ]
}