{
    "title": "Evolution of the microstructure in aged G115 steels with the different concentration of tungsten",
    "doi": "j.msea.2018.05.068",
    "ref": "https://www.sciencedirect.com/science/article/pii/S0921509318307214?via%3Dihub",
    "sample_id": "j.msea.2018.05.068_2",
    "sample_name": "A2",
    "composition_name": "A2",
    "alloy_type": "steel",
    "other_process": "NONE",
    "样品状态(删除D，新增A)": null,
    "composition_content": [
        {
            "element": "C",
            "content": "0.082%"
        },
        {
            "element": "Si",
            "content": "0.34%"
        },
        {
            "element": "Mn",
            "content": "0.53%"
        },
        {
            "element": "Cr",
            "content": "8.96%"
        },
        {
            "element": "W",
            "content": "2.62%"
        },
        {
            "element": "Co",
            "content": "3.00%"
        },
        {
            "element": "V",
            "content": "0.20%"
        },
        {
            "element": "Nb",
            "content": "0.050%"
        },
        {
            "element": "N",
            "content": "0.0090%"
        },
        {
            "element": "B",
            "content": "0.015%"
        },
        {
            "element": "Cu",
            "content": "0.94%"
        },
        {
            "element": "Fe",
            "content": "bal."
        }
    ],
    "printing_parameter": {},
    "tensile_condition": {
        "tensile_standard": "NONE",
        "tensile_temperature": "Room temperature",
        "tensile_speed": "NONE",
        "tensile_direction": null,
        "sample_shape": "The specimens were machined into standard tensile test specimens having 5 mm gage diameter and 25 mm gage length.; ['Fig. 11']"
    },
    "microstructure": {
        "microscope": [
            "Fig. 1",
            "Fig. 4"
        ],
        "EBSD_image": [],
        "phase_fraction": [
            "tempered martensite,Major phase",
            "retained austenite,Traces",
            "M23C6:1.7%",
            "Laves phase::1.7%,MX"
        ]
    },
    "tensile_property": {
        "stress_strain_curve": "NONE",
        "yield_strength": "NONE",
        "ultimate_strength": "790 MPa (initial), 637 MPa (after 5000 h)",
        "fracture_elongation": "NONE",
        "uniform_elongation": "NONE",
        "fracture_toughness": "NONE"
    },
    "thermal_process": [
        {
            "temperature": "1100 °C",
            "time": "1 h",
            "cooling_method": "NONE",
            "pressure": "NONE",
            "atmosphere": "NONE"
        },
        {
            "temperature": "780 °C",
            "time": "3 h",
            "cooling_method": "NONE",
            "pressure": "NONE",
            "atmosphere": "NONE"
        },
        {
            "temperature": "675 °C",
            "time": "5000 h",
            "cooling_method": "NONE",
            "pressure": "NONE",
            "atmosphere": "NONE"
        }
    ]
}