{
    "title": "Effects of electroplastic rolling on mechanical properties and microstructure of low-carbon martensitic steel",
    "doi": "j.msea.2021.141144",
    "ref": "https://www.sciencedirect.com/science/article/pii/S0921509321004135?via%3Dihub",
    "sample_id": "j.msea.2021.141144_1",
    "sample_name": "undeformed",
    "composition_name": "composition_1",
    "alloy_type": "steel",
    "other_process": "NONE",
    "样品状态(删除D，新增A)": null,
    "composition_content": [
        {
            "element": "C",
            "content": "0.12%"
        },
        {
            "element": "Mn",
            "content": "0.3%"
        },
        {
            "element": "Cr",
            "content": "0.15%"
        },
        {
            "element": "Si",
            "content": "0.2%"
        },
        {
            "element": "Fe",
            "content": "bal."
        }
    ],
    "printing_parameter": {},
    "tensile_condition": {
        "tensile_standard": "NONE",
        "tensile_temperature": "room temperature",
        "tensile_speed": "NONE",
        "tensile_direction": null,
        "sample_shape": "gauge length and cross-sectional area not specified; []"
    },
    "microstructure": {
        "microscope": [
            "Fig. 2"
        ],
        "EBSD_image": [
            "Fig. 1"
        ],
        "phase_fraction": [
            "α',100%"
        ]
    },
    "tensile_property": {
        "stress_strain_curve": null,
        "yield_strength": "1149 MPa",
        "ultimate_strength": "1430 MPa",
        "fracture_elongation": "14.8%",
        "uniform_elongation": "NONE",
        "fracture_toughness": "NONE"
    },
    "thermal_process": [
        {
            "temperature": "1100 °C",
            "time": "5 min",
            "cooling_method": "water quenching",
            "pressure": "NONE",
            "atmosphere": "NONE"
        }
    ]
}