{
    "title": "Effects of electroplastic rolling on mechanical properties and microstructure of low-carbon martensitic steel",
    "doi": "j.msea.2021.141144",
    "ref": "https://www.sciencedirect.com/science/article/pii/S0921509321004135?via%3Dihub",
    "sample_id": "j.msea.2021.141144_3",
    "sample_name": "CR-30%",
    "composition_name": "composition_1",
    "alloy_type": "steel",
    "other_process": "cold-rolled states",
    "样品状态(删除D，新增A)": null,
    "composition_content": [
        {
            "element": "C",
            "content": "0.12%"
        },
        {
            "element": "Mn",
            "content": "0.3%"
        },
        {
            "element": "Cr",
            "content": "0.15%"
        },
        {
            "element": "Si",
            "content": "0.2%"
        },
        {
            "element": "Fe",
            "content": "bal."
        }
    ],
    "printing_parameter": {},
    "tensile_condition": {
        "tensile_standard": "NONE",
        "tensile_temperature": "room temperature",
        "tensile_speed": "NONE",
        "tensile_direction": null,
        "sample_shape": "gauge length and cross-sectional area not specified; []"
    },
    "microstructure": {
        "microscope": [
            "Fig. 3",
            "Fig. 4"
        ],
        "EBSD_image": [
            "Fig. 9",
            "Fig. 10"
        ],
        "phase_fraction": [
            "M,22.4%",
            "LDC,37.3%",
            "IBL,29.9%",
            "KL,10.4%"
        ]
    },
    "tensile_property": {
        "stress_strain_curve": null,
        "yield_strength": "1527 MPa",
        "ultimate_strength": "1653 MPa",
        "fracture_elongation": "9.5%",
        "uniform_elongation": "NONE",
        "fracture_toughness": "NONE"
    },
    "thermal_process": [
        {
            "temperature": "1100 °C",
            "time": "5 min",
            "cooling_method": "water quenching",
            "pressure": "NONE",
            "atmosphere": "NONE"
        }
    ]
}