{
    "title": "Influence of carbides on the high-temperature tempered martensite embrittlement of martensitic heat-resistant steels",
    "doi": "j.msea.2016.06.025",
    "ref": "https://www.sciencedirect.com/science/article/pii/S0921509316306803",
    "sample_id": "j.msea.2016.06.025_2",
    "sample_name": "tempered_2h_625C",
    "composition_name": "composition_1",
    "alloy_type": "steel",
    "other_process": "NONE",
    "样品状态(删除D，新增A)": "D",
    "composition_content": [
        {
            "element": "C",
            "content": "0.12%"
        },
        {
            "element": "Si",
            "content": "0.20%"
        },
        {
            "element": "Mn",
            "content": "0.80%"
        },
        {
            "element": "P",
            "content": "0.020%"
        },
        {
            "element": "S",
            "content": "0.001%"
        },
        {
            "element": "Cr",
            "content": "11.83%"
        },
        {
            "element": "Ni",
            "content": "2.55%"
        },
        {
            "element": "V",
            "content": "0.30%"
        },
        {
            "element": "Mo",
            "content": "1.69%"
        },
        {
            "element": "N",
            "content": "0.034%"
        },
        {
            "element": "Fe",
            "content": "bal."
        }
    ],
    "printing_parameter": {},
    "tensile_condition": {
        "tensile_standard": "NONE",
        "tensile_temperature": "Room temperature",
        "tensile_speed": "NONE",
        "tensile_direction": null,
        "sample_shape": "The tensile properties were determined using 25 mm gage length cylindrical tensile bars. Tensile temperature is room temperature and the strain rate (tensile speed) is not specified in the text.; []"
    },
    "microstructure": {
        "microscope": [
            "Fig. 4",
            "Fig. 5"
        ],
        "EBSD_image": [],
        "phase_fraction": [
            "tempered martensite,Traces",
            "M23C6",
            "V-rich"
        ]
    },
    "tensile_property": {
        "stress_strain_curve": null,
        "yield_strength": "NONE",
        "ultimate_strength": "NONE",
        "fracture_elongation": "NONE",
        "uniform_elongation": "NONE",
        "fracture_toughness": "NONE"
    },
    "thermal_process": [
        {
            "temperature": "1050 °C",
            "time": "45 min",
            "cooling_method": "oil quenched",
            "pressure": "NONE",
            "atmosphere": "NONE"
        },
        {
            "temperature": "625 °C",
            "time": "2 h",
            "cooling_method": "NONE",
            "pressure": "NONE",
            "atmosphere": "NONE"
        }
    ]
}