{
    "title": "On balanced strength and ductility synergy in low alloy steels through multiphase heterostructure involving cumulative process of hot rolling, coiling and tempering",
    "doi": "j.msea.2023.145987",
    "ref": "https://www.sciencedirect.com/science/article/pii/S0921509323014119?via%3Dihub",
    "sample_id": "j.msea.2023.145987_3",
    "sample_name": "C350",
    "composition_name": "composition_1",
    "alloy_type": "steel",
    "other_process": "hot-rolling",
    "样品状态(删除D，新增A)": null,
    "composition_content": [
        {
            "element": "C",
            "content": "0.18%"
        },
        {
            "element": "Mn",
            "content": "2.05%"
        },
        {
            "element": "Si",
            "content": "1.85%"
        },
        {
            "element": "Nb",
            "content": "0.025%"
        },
        {
            "element": "Fe",
            "content": "bal."
        }
    ],
    "printing_parameter": {},
    "tensile_condition": {
        "tensile_standard": "ASTM E8/E8M",
        "tensile_temperature": "Room temperature",
        "tensile_speed": "10− 3 s −1",
        "tensile_direction": null,
        "sample_shape": "The size of the tensile sample gage section is 50 mm × 10 mm × 1.5 mm"
    },
    "microstructure": {
        "microscope": [
            "Fig. 3",
            "Fig. 5"
        ],
        "EBSD_image": [
            "Fig. 4",
            "Fig. 10"
        ],
        "phase_fraction": [
            "Lath Martensite (M),Major phase",
            "Retained Austenite (RA),6%",
            "Ferrite",
            "Fine Carbides"
        ]
    },
    "tensile_property": {
        "stress_strain_curve": "Fig. 2",
        "yield_strength": "957 MPa",
        "ultimate_strength": "1245 MPa",
        "fracture_elongation": "8.0%",
        "uniform_elongation": "4.5%",
        "fracture_toughness": "NONE"
    },
    "thermal_process": [
        {
            "temperature": "960 °C",
            "time": "30 min",
            "cooling_method": "furnace cooling",
            "pressure": "NONE",
            "atmosphere": "NONE"
        }
    ]
}