{
    "title": "Fatigue resistance of the binder jet printed 17-4 precipitation hardened martensitic stainless steel",
    "doi": "j.msea.2022.144451",
    "ref": "https://www.sciencedirect.com/science/article/pii/S0921509322018317?via%3Dihub",
    "sample_id": "j.msea.2022.144451_8",
    "sample_name": "CM-H1150",
    "composition_name": "steel",
    "alloy_type": "steel",
    "other_process": "NONE",
    "样品状态(删除D，新增A)": "A",
    "composition_content": [
        {
            "element": "Fe",
            "content": "bal."
        }
    ],
    "printing_parameter": {},
    "tensile_condition": {
        "tensile_standard": "ISO-1143",
        "tensile_temperature": "room temperature",
        "tensile_speed": "NONE",
        "tensile_direction": null,
        "sample_shape": "The unnotched fatigue behavior of the BJP and CM 17–4 PH steel samples was evaluated in the rotating bending fatigue (RBF) configuration at a constant frequency (ν) of 50 Hz. Tests were carried out on the hour-glass-shaped specimens with the gauge length, fillet radius, and mid-section diameter of 22, 62, and ∼5 mm, respectively (illustrated in Fig. 1a), following the procedure described in th ISO-1143 standard [38].; ['Fig. 1']"
    },
    "microstructure": {
        "microscope": [
            "NONE"
        ],
        "EBSD_image": [
            "NONE"
        ],
        "phase_fraction": [
            "Ferrite，Austenite，Martensite",
            "NONE"
        ]
    },
    "tensile_property": {
        "stress_strain_curve": null,
        "yield_strength": "735± 4 MPa",
        "ultimate_strength": "962±0.3  MPa",
        "fracture_elongation": "NONE",
        "uniform_elongation": "NONE",
        "fracture_toughness": "NONE"
    },
    "thermal_process": []
}