{
    "title": "Fatigue resistance of the binder jet printed 17-4 precipitation hardened martensitic stainless steel",
    "doi": "j.msea.2022.144451",
    "ref": "https://www.sciencedirect.com/science/article/pii/S0921509322018317?via%3Dihub",
    "sample_id": "j.msea.2022.144451_6",
    "sample_name": "A+HIP-H1150",
    "composition_name": "steel",
    "alloy_type": "steel",
    "other_process": "hot isostatically pressed (HIP)",
    "样品状态(删除D，新增A)": null,
    "composition_content": [
        {
            "element": "Fe",
            "content": "bal."
        }
    ],
    "printing_parameter": {},
    "tensile_condition": {
        "tensile_standard": "ISO-1143",
        "tensile_temperature": "room temperature",
        "tensile_speed": "NONE",
        "tensile_direction": null,
        "sample_shape": "The unnotched fatigue behavior of the BJP and CM 17–4 PH steel samples was evaluated in the rotating bending fatigue (RBF) configuration at a constant frequency (ν) of 50 Hz. Tests were carried out on the hour-glass-shaped specimens with the gauge length, fillet radius, and mid-section diameter of 22, 62, and ∼5 mm, respectively (illustrated in Fig. 1a), following the procedure described in th ISO-1143 standard [38].; ['Fig. 1']"
    },
    "microstructure": {
        "microscope": [
            "NONE"
        ],
        "EBSD_image": [
            "NONE"
        ],
        "phase_fraction": [
            "Ferrite，Austenite：1.9%，Martensite",
            "Cu-rich"
        ]
    },
    "tensile_property": {
        "stress_strain_curve": null,
        "yield_strength": "843±27 MPa",
        "ultimate_strength": "1009±8 MPa",
        "fracture_elongation": "NONE",
        "uniform_elongation": "NONE",
        "fracture_toughness": "NONE"
    },
    "thermal_process": [
        {
            "temperature": "1370 °C",
            "time": "2h",
            "cooling_method": "NONE",
            "pressure": "NONE",
            "atmosphere": "NONE"
        },
        {
            "temperature": "1160 °C",
            "time": "4h",
            "cooling_method": "NONE",
            "pressure": "104 MPa",
            "atmosphere": "NONE"
        },
        {
            "temperature": "1040 °C",
            "time": "2h",
            "cooling_method": "NONE",
            "pressure": "NONE",
            "atmosphere": "NONE"
        },
        {
            "temperature": "621 °C",
            "time": "4h",
            "cooling_method": "NONE",
            "pressure": "NONE",
            "atmosphere": "NONE"
        }
    ]
}