{
    "title": "In-situ neutron diffraction study of serration-involved ultra-cryogenic deformation behavior at 15 K",
    "doi": "j.msea.2024.146453",
    "ref": "https://www.sciencedirect.com/science/article/pii/S0921509324003848?via%3Dihub",
    "sample_id": "j.msea.2024.146453_1",
    "sample_name": "HR-CoCrNi",
    "composition_name": "HR CoCrNi",
    "alloy_type": "CoCrNi",
    "other_process": "hot rolling (600∼650 °C) to 50% thickness reduction",
    "样品状态(删除D，新增A)": null,
    "composition_content": [
        {
            "element": "Co",
            "content": "34.8%"
        },
        {
            "element": "Cr",
            "content": "29.7%"
        },
        {
            "element": "Ni",
            "content": "35.5%"
        },
        {
            "element": "Mo",
            "content": "0%"
        },
        {
            "element": "Mn",
            "content": "0%"
        },
        {
            "element": "Si",
            "content": "0%"
        },
        {
            "element": "P",
            "content": "0%"
        },
        {
            "element": "Fe",
            "content": "0%"
        }
    ],
    "printing_parameter": {
        "equipment": "none",
        "laser_power": "none",
        "beam_current": "none",
        "accelerating_voltage": "none",
        "scan_speed": "none",
        "layer_thickness": "none",
        "hatch_spacing": "none",
        "rotation_angle": "none",
        "scan_strategy": "none"
    },
    "tensile_condition": {
        "tensile_standard": "none",
        "tensile_temperature": "Room temperature",
        "tensile_speed": "1.7×10−5s−1 in the elastic region and 5×10−5s−1 in the plastic region",
        "tensile_strategy": "none",
        "sample_shape": "Cylindrical specimens with a gauge length of 10 mm and a diameter of 6 mm"
    },
    "microstructure": {
        "microscope": [
            "none"
        ],
        "EBSD_image": [
            "Fig. 2"
        ],
        "phase_fraction": [
            "none"
        ]
    },
    "tensile_property": {
        "stress_strain_curve": "Fig. 1",
        "yield_strength": "617 MPa (Engineering), 619 MPa (True)",
        "ultimate_strength": "1325 MPa (Engineering), 2971 MPa (True)",
        "fracture_elongation": "1.27% (Engineering), 0.82% (True)",
        "uniform_elongation": "none",
        "fracture_toughness": "none"
    },
    "thermal_process": [
        {
            "temperature": "1200 °C",
            "time": "25 h",
            "cooling_method": "none",
            "pressure": "none",
            "atmosphere": "none"
        },
        {
            "temperature": "1000 °C",
            "time": "1 h",
            "cooling_method": "none",
            "pressure": "none",
            "atmosphere": "none"
        }
    ]
}