{
    "title": "In situ synchrotron X-ray diffraction studies of the effect of microstructure on tensile behavior and retained austenite stability of thermo-mechanically processed transformation induced plasticity steel",
    "doi": "j.msea.2016.03.048",
    "ref": "https://www.sciencedirect.com/science/article/pii/S0921509316302507?via%3Dihub",
    "sample_id": "j.msea.2016.03.048_1",
    "sample_name": "TMP-770",
    "composition_name": "composition_1",
    "alloy_type": "steel",
    "other_process": "rolling",
    "样品状态(删除D，新增A)": null,
    "composition_content": [
        {
            "element": "C",
            "content": "0.21%"
        },
        {
            "element": "Si",
            "content": "1.18%"
        },
        {
            "element": "Mn",
            "content": "1.52%"
        },
        {
            "element": "Al",
            "content": "0.57%"
        },
        {
            "element": "Mo",
            "content": "0.29%"
        },
        {
            "element": "Nb",
            "content": "0.036%"
        },
        {
            "element": "Fe",
            "content": "bal."
        }
    ],
    "printing_parameter": {},
    "tensile_condition": {
        "tensile_standard": "NONE",
        "tensile_temperature": "Room temperature",
        "tensile_speed": "NONE",
        "tensile_direction": null,
        "sample_shape": "Tensile samples with ∼4×2 mm² cross-section and ∼10 mm gauge length were machined for in situ observations during tensile loading using the high-energy X-ray diffraction beamline, 1-ID of the Advanced Photon Source (Argonne National Laboratory, IL, USA). High energy X-rays of 92.3 keV were used in a typical setup for thermo-mechanical processing in a synchrotron beam and was identical to those described in [23]. Corresponding wavelength and wave-number were 0.134 Å and 46.7 Å⁻¹, respectively. The specimens were put into a servo-hydraulic load frame with the load axis perpendicular to the incoming X-ray beam of 100×100 µm² size. Specimens were aligned with the rolling normal direction (ND) parallel to the beam.; ['Fig. 4']"
    },
    "microstructure": {
        "microscope": [
            "Fig. 2",
            "Fig. 3"
        ],
        "EBSD_image": [],
        "phase_fraction": [
            "polygonal ferrite (PF),∼30%",
            "bainitic ferrite (BF),Traces",
            "retained austenite (RA),11.5 vol% before deformation",
            "martensite (M),Traces"
        ]
    },
    "tensile_property": {
        "stress_strain_curve": "Fig. 4",
        "yield_strength": "680 MPa",
        "ultimate_strength": "1051 MPa",
        "fracture_elongation": "21%",
        "uniform_elongation": "NONE",
        "fracture_toughness": "NONE"
    },
    "thermal_process": [
        {
            "temperature": "1250 °C",
            "time": "1800 s",
            "cooling_method": "NONE",
            "pressure": "NONE",
            "atmosphere": "NONE"
        },
        {
            "temperature": "1100 °C",
            "time": "120 s",
            "cooling_method": "NONE",
            "pressure": "NONE",
            "atmosphere": "NONE"
        },
        {
            "temperature": "875 °C",
            "time": "NONE",
            "cooling_method": "2 K/s",
            "pressure": "NONE",
            "atmosphere": "NONE"
        },
        {
            "temperature": "770 °C",
            "time": "NONE",
            "cooling_method": "water mist cooling at 20 K/s to 500 °C",
            "pressure": "NONE",
            "atmosphere": "NONE"
        },
        {
            "temperature": "470 °C",
            "time": "1200 s",
            "cooling_method": "NONE",
            "pressure": "NONE",
            "atmosphere": "aluminum oxide sand"
        }
    ]
}