{
    "title": "The role of the microstructure on the influence of hydrogen on some advanced high-strength steels",
    "doi": "j.msea.2017.12.079",
    "ref": "https://www.sciencedirect.com/science/article/pii/S0921509317316854?via%3Dihub",
    "sample_id": "j.msea.2017.12.079_5",
    "sample_name": "980QP",
    "composition_name": "980QP",
    "alloy_type": "steel",
    "other_process": "ultrasonic cleaning in a hot Alconox solution for 30 min",
    "样品状态(删除D，新增A)": null,
    "composition_content": [
        {
            "element": "C",
            "content": "0.20%"
        },
        {
            "element": "Si",
            "content": "1.50%"
        },
        {
            "element": "Mn",
            "content": "2.0%"
        },
        {
            "element": "Al",
            "content": "< 0.03%"
        },
        {
            "element": "Nb",
            "content": "< 0.04%"
        },
        {
            "element": "Ti",
            "content": "< 0.01%"
        },
        {
            "element": "Fe",
            "content": "bal."
        }
    ],
    "printing_parameter": {},
    "tensile_condition": {
        "tensile_standard": "NONE",
        "tensile_temperature": "Room temperature",
        "tensile_speed": "NONE",
        "tensile_direction": null,
        "sample_shape": "Dog-bone-shaped specimens; []"
    },
    "microstructure": {
        "microscope": [
            "NONE"
        ],
        "EBSD_image": [],
        "phase_fraction": [
            "ferrite,39%",
            "martensite,53%",
            "retained austenite,8%",
            "NONE"
        ]
    },
    "tensile_property": {
        "stress_strain_curve": null,
        "yield_strength": "682 MPa",
        "ultimate_strength": "1020 MPa",
        "fracture_elongation": "11.3%",
        "uniform_elongation": "NONE",
        "fracture_toughness": "NONE"
    },
    "thermal_process": []
}