{
    "title": "Influences of Cu on microstructure and mechanical properties in Fe–Ni–Al ultra-strong maraging steels",
    "doi": "j.msea.2023.145724",
    "ref": "https://www.sciencedirect.com/science/article/pii/S0921509323011486?via%3Dihub",
    "sample_id": "j.msea.2023.145724_4",
    "sample_name": "2.4Mo-0.6Cu-360min",
    "composition_name": "2.4Mo-0.6Cu",
    "alloy_type": "steel",
    "other_process": "The samples were cold rolled to 62.5% reduction by multiple passes.",
    "样品状态(删除D，新增A)": null,
    "composition_content": [
        {
            "element": "Ni",
            "content": "18%"
        },
        {
            "element": "Al",
            "content": "3%"
        },
        {
            "element": "Mo",
            "content": "2.4%"
        },
        {
            "element": "Cu",
            "content": "0.6%"
        },
        {
            "element": "Fe",
            "content": "bal."
        }
    ],
    "printing_parameter": {},
    "tensile_condition": {
        "tensile_standard": "NONE",
        "tensile_temperature": "Room temperature",
        "tensile_speed": "0.6 mm/min",
        "tensile_direction": null,
        "sample_shape": "The bone-shaped plates for tensile tests, with a 20 × 4.1 mm² cross-section, 1.5 mm thickness and 15 mm gauge length, were cut from the aged samples along the rolling direction by electro-discharge machining.; []"
    },
    "microstructure": {
        "microscope": [
            "Fig. 4",
            "Fig. 5",
            "Fig. 13"
        ],
        "EBSD_image": [],
        "phase_fraction": [
            "α',Major phase",
            "B2-NiAl",
            "Cu clusters"
        ]
    },
    "tensile_property": {
        "stress_strain_curve": "Fig. 2",
        "yield_strength": "1870±32 MPa",
        "ultimate_strength": "2038±36 MPa",
        "fracture_elongation": "8.7±0.8%",
        "uniform_elongation": "4.1%",
        "fracture_toughness": "NONE"
    },
    "thermal_process": [
        {
            "temperature": "1200 °C",
            "time": "120 min",
            "cooling_method": "NONE",
            "pressure": "NONE",
            "atmosphere": "NONE"
        },
        {
            "temperature": "950 °C",
            "time": "5 min",
            "cooling_method": "quenched to room temperature",
            "pressure": "NONE",
            "atmosphere": "NONE"
        },
        {
            "temperature": "500 °C",
            "time": "360 min",
            "cooling_method": "NONE",
            "pressure": "NONE",
            "atmosphere": "NONE"
        }
    ]
}