{
    "title": "On the synergy of diffusible hydrogen content and hydrogen diffusivity in the mechanical degradation of laboratory cast Fe-C alloys",
    "doi": "j.msea.2016.03.107",
    "ref": "https://www.sciencedirect.com/science/article/pii/S0921509316302805?via%3Dihub",
    "sample_id": "j.msea.2016.03.107_1",
    "sample_name": "PI",
    "composition_name": "Pure Iron",
    "alloy_type": "iron",
    "other_process": "The materials were hot rolled till 8 mm and then cold rolled to achieve a final thickness of 1.8 mm for pure iron. All samples were then ground and tensile samples were machined with their tensile axis parallel to the rolling direction. Finally, the surface and edges of the sample were sandblasted to remove possible remaining oxides.",
    "样品状态(删除D，新增A)": null,
    "composition_content": [
        {
            "element": "C",
            "content": "0.0015%"
        },
        {
            "element": "Mn",
            "content": "0.0003%"
        },
        {
            "element": "Si",
            "content": "0.00%"
        },
        {
            "element": "Al",
            "content": "<0.02%"
        },
        {
            "element": "P",
            "content": "<0.02%"
        },
        {
            "element": "Fe",
            "content": "bal."
        }
    ],
    "printing_parameter": {},
    "tensile_condition": {
        "tensile_standard": "NONE",
        "tensile_temperature": "room temperature",
        "tensile_speed": "5 mm/min",
        "tensile_direction": null,
        "sample_shape": "Notched tensile samples (cf. Fig. 2), which due to the notch locally introduce a triaxial stress state, were used to control crack initiation.; ['Fig. 2']"
    },
    "microstructure": {
        "microscope": [
            "Fig. 3"
        ],
        "EBSD_image": [
            "NONE"
        ],
        "phase_fraction": [
            "ferrite,100%"
        ]
    },
    "tensile_property": {
        "stress_strain_curve": "Fig. 6, Fig. 7",
        "yield_strength": "205 MPa (Air), 207 MPa (Charged)",
        "ultimate_strength": "264 MPa (Air), 245 MPa (Charged)",
        "fracture_elongation": "19.6% (Air), 10.6% (Charged)",
        "uniform_elongation": "NONE",
        "fracture_toughness": "NONE"
    },
    "thermal_process": [
        {
            "temperature": "750 °C",
            "time": "10 min",
            "cooling_method": "air cooling",
            "pressure": "NONE",
            "atmosphere": "air"
        }
    ]
}