{
    "title": "In-situ neutron diffraction study of serration-involved ultra-cryogenic deformation behavior at 15 K",
    "doi": "j.msea.2024.146453",
    "ref": "https://www.sciencedirect.com/science/article/pii/S0921509324003848?via%3Dihub",
    "sample_id": "j.msea.2024.146453_2",
    "sample_name": "DED-CoCrNi",
    "composition_name": "DED CoCrNi",
    "alloy_type": "CoCrNi",
    "other_process": "none",
    "样品状态(删除D，新增A)": null,
    "composition_content": [
        {
            "element": "Co",
            "content": "33.8%"
        },
        {
            "element": "Cr",
            "content": "32.2%"
        },
        {
            "element": "Ni",
            "content": "34.0%"
        },
        {
            "element": "Mo",
            "content": "0%"
        },
        {
            "element": "Mn",
            "content": "0%"
        },
        {
            "element": "Si",
            "content": "0%"
        },
        {
            "element": "P",
            "content": "0%"
        },
        {
            "element": "Fe",
            "content": "0%"
        }
    ],
    "printing_parameter": {
        "equipment": "none",
        "laser_power": "none",
        "beam_current": "none",
        "accelerating_voltage": "none",
        "scan_speed": "none",
        "layer_thickness": "none",
        "hatch_spacing": "none",
        "rotation_angle": "none",
        "scan_strategy": "none"
    },
    "tensile_condition": {
        "tensile_standard": "none",
        "tensile_temperature": "Room temperature",
        "tensile_speed": "1.7×10−5s−1 in the elastic region and 5×10−5s−1 in the plastic region",
        "tensile_strategy": "none",
        "sample_shape": "Cylindrical specimens with a gauge length of 10 mm and a diameter of 6 mm"
    },
    "microstructure": {
        "microscope": [
            "none"
        ],
        "EBSD_image": [
            "Fig. 2"
        ],
        "phase_fraction": [
            "none"
        ]
    },
    "tensile_property": {
        "stress_strain_curve": "Fig. 1",
        "yield_strength": "957 MPa (Engineering), 962 MPa (True)",
        "ultimate_strength": "1459 MPa (Engineering), 2247 MPa (True)",
        "fracture_elongation": "0.54% (Engineering), 0.43% (True)",
        "uniform_elongation": "none",
        "fracture_toughness": "none"
    },
    "thermal_process": []
}