{
    "title": "Strain hardening of cold-rolled lean-alloyed metastable ferritic-austenitic stainless steels",
    "doi": "j.msea.2016.09.038",
    "ref": "https://www.sciencedirect.com/science/article/pii/S0921509316311030?via%3Dihub",
    "sample_id": "j.msea.2016.09.038_3",
    "sample_name": "F70 RD",
    "composition_name": "F70",
    "alloy_type": "stainless steel",
    "other_process": "hot rolled, cold rolled",
    "样品状态(删除D，新增A)": null,
    "composition_content": [
        {
            "element": "C",
            "content": "0.015%"
        },
        {
            "element": "Cr",
            "content": "20.4%"
        },
        {
            "element": "Ni",
            "content": "0.2%"
        },
        {
            "element": "Mn",
            "content": "2.9%"
        },
        {
            "element": "Si",
            "content": "0.30%"
        },
        {
            "element": "Mo",
            "content": "0.19%"
        },
        {
            "element": "Cu",
            "content": "0.01%"
        },
        {
            "element": "N",
            "content": "0.159%"
        },
        {
            "element": "Fe",
            "content": "bal."
        }
    ],
    "printing_parameter": {},
    "tensile_condition": {
        "tensile_standard": "SFS-EN ISO 6892-1",
        "tensile_temperature": "ambient temperature",
        "tensile_speed": "1.1 mm/min until 1.5% strain, after which the strain rate was increased to 30.2 mm/min",
        "tensile_direction": null,
        "sample_shape": "Uniaxial tensile testing was performed with a MTS 810 servo-hydraulic material testing system and a MTS 632.12C-20 extensometer; []"
    },
    "microstructure": {
        "microscope": [
            "Fig. 2"
        ],
        "EBSD_image": [
            "Fig. 8",
            "Fig. 9"
        ],
        "phase_fraction": [
            "ferrite,68% (Satmagan), 66% (Optical image analysis)",
            "austenite,32% (Satmagan), 34% (Optical image analysis)",
            "α′-martensite,20% in RD, 14% in TD at maximum strain before break"
        ]
    },
    "tensile_property": {
        "stress_strain_curve": "Fig. 3",
        "yield_strength": "444±14.8 MPa",
        "ultimate_strength": "718±8.9 MPa",
        "fracture_elongation": "39.0±1.6%",
        "uniform_elongation": "38.8±0.5%",
        "fracture_toughness": "NONE"
    },
    "thermal_process": [
        {
            "temperature": "1050 °C",
            "time": "5 min",
            "cooling_method": "water quenching",
            "pressure": "NONE",
            "atmosphere": "NONE"
        }
    ]
}