{
    "title": "Correlation of microstructure and strain hardening behavior in the ultrafine-grained Nb-bearing dual phase steels",
    "doi": "j.msea.2016.09.108",
    "ref": "https://www.sciencedirect.com/science/article/pii/S0921509316311960?via%3Dihub",
    "sample_id": "j.msea.2016.09.108_4",
    "sample_name": "DP12_IAT_4min",
    "composition_name": "DP12",
    "alloy_type": "steel",
    "other_process": "The resulting duplex ferrite-martensite structure was subsequently cold-rolled up to 80% thickness reduction using a laboratory mill with a reduction of about 0.05 mm at each pass.",
    "样品状态(删除D，新增A)": null,
    "composition_content": [
        {
            "element": "Nb",
            "content": "0.12%"
        },
        {
            "element": "C",
            "content": "0.14%"
        },
        {
            "element": "Mn",
            "content": "0.95%"
        },
        {
            "element": "Cr",
            "content": "1.0%"
        },
        {
            "element": "Si",
            "content": "0.3%"
        },
        {
            "element": "Fe",
            "content": "bal."
        }
    ],
    "printing_parameter": {},
    "tensile_condition": {
        "tensile_standard": "NONE",
        "tensile_temperature": "Room temperature",
        "tensile_speed": "1 mm/min",
        "tensile_direction": null,
        "sample_shape": "flat specimens with a gauge length of 11 mm; []"
    },
    "microstructure": {
        "microscope": [
            "NONE"
        ],
        "EBSD_image": [
            "NONE"
        ],
        "phase_fraction": [
            "ferrite,55%",
            "martensite,45%",
            "NbC"
        ]
    },
    "tensile_property": {
        "stress_strain_curve": "Fig. 7",
        "yield_strength": "413±20 MPa",
        "ultimate_strength": "874±14 MPa",
        "fracture_elongation": "19±4%",
        "uniform_elongation": "NONE",
        "fracture_toughness": "NONE"
    },
    "thermal_process": [
        {
            "temperature": "880 °C",
            "time": "60 min",
            "cooling_method": "water quenching",
            "pressure": "NONE",
            "atmosphere": "NONE"
        },
        {
            "temperature": "770 °C",
            "time": "100 min",
            "cooling_method": "water quenching",
            "pressure": "NONE",
            "atmosphere": "NONE"
        },
        {
            "temperature": "770 °C",
            "time": "4 min",
            "cooling_method": "water quenching",
            "pressure": "NONE",
            "atmosphere": "NONE"
        }
    ]
}