{
    "title": "The strengthening and toughening mechanism of dual martensite in quenching-partitioning steels",
    "doi": "j.msea.2019.138765",
    "ref": "https://www.sciencedirect.com/science/article/pii/S0921509319315503?via%3Dihub",
    "sample_id": "j.msea.2019.138765_2",
    "sample_name": "270°C quenched",
    "composition_name": "composition_1",
    "alloy_type": "steel",
    "other_process": "rolling",
    "样品状态(删除D，新增A)": null,
    "composition_content": [
        {
            "element": "C",
            "content": "0.19%"
        },
        {
            "element": "Mn",
            "content": "1.7%"
        },
        {
            "element": "Si",
            "content": "1.6%"
        },
        {
            "element": "Cr",
            "content": "1.0%"
        },
        {
            "element": "Ti",
            "content": "0.5%"
        },
        {
            "element": "Mo",
            "content": "0.5%"
        },
        {
            "element": "Nb",
            "content": "0.04%"
        },
        {
            "element": "B",
            "content": "0.03%"
        },
        {
            "element": "Fe",
            "content": "bal."
        }
    ],
    "printing_parameter": {},
    "tensile_condition": {
        "tensile_standard": "GB/T24182-2009",
        "tensile_temperature": "Room temperature",
        "tensile_speed": "90 mm/min",
        "tensile_direction": null,
        "sample_shape": "the specimens after the salt bath tests were cut into tensile specimens for mechanical performance analysis; ['Fig. 5']"
    },
    "microstructure": {
        "microscope": [
            "Fig. 1",
            "Fig. 2",
            "Fig. 3"
        ],
        "EBSD_image": [],
        "phase_fraction": [
            "martensite (M1),50% (approximate from M1:M2 ratio close to 1:1)",
            "martensite (M2),50% (approximate from M1:M2 ratio close to 1:1)",
            "retained austenite,7.3%"
        ]
    },
    "tensile_property": {
        "stress_strain_curve": "Fig. 5",
        "yield_strength": "NONE",
        "ultimate_strength": "1589 MPa",
        "fracture_elongation": "14.3%",
        "uniform_elongation": "6.46%",
        "fracture_toughness": "NONE"
    },
    "thermal_process": [
        {
            "temperature": "1150 °C",
            "time": "3 min",
            "cooling_method": "salt bath to 270 °C, then water-quenched",
            "pressure": "NONE",
            "atmosphere": "NONE"
        }
    ]
}