{
    "title": "Effect of Si on the deformation behavior of retained austenite and annealed martensite in medium Mn steels",
    "doi": "j.msea.2024.146451",
    "ref": "https://www.sciencedirect.com/science/article/pii/S0921509324003824?via%3Dihub",
    "sample_id": "j.msea.2024.146451_1",
    "sample_name": "0Si-600",
    "composition_name": "0Si",
    "alloy_type": "steel",
    "other_process": "rolling",
    "样品状态(删除D，新增A)": null,
    "composition_content": [
        {
            "element": "Fe",
            "content": "bal."
        },
        {
            "element": "C",
            "content": "0.19%"
        },
        {
            "element": "Mn",
            "content": "6.75%"
        },
        {
            "element": "Si",
            "content": "0%"
        }
    ],
    "printing_parameter": {
        "equipment": "none",
        "laser_power": "none",
        "beam_current": "none",
        "accelerating_voltage": "none",
        "scan_speed": "none",
        "layer_thickness": "none",
        "hatch_spacing": "none",
        "rotation_angle": "none",
        "scan_strategy": "none"
    },
    "tensile_condition": {
        "tensile_standard": "GB/T 228.1–2021",
        "tensile_temperature": "Room temperature",
        "tensile_speed": "0.001 s−1",
        "tensile_strategy": "Constant crosshead speed",
        "sample_shape": "Plate specimens with gauge length and width of 15 mm and 5 mm, respectively, and the long sides paralleling to the RD"
    },
    "microstructure": {
        "microscope": [
            "Fig. 3",
            "Fig. 6"
        ],
        "EBSD_image": [
            "Fig. 4"
        ],
        "phase_fraction": [
            "fRA: 0.391 ± 0.023 (XRD), fRA: 0.388 ± 0.023 (EBSD), fRA: 0.413 (Thermo-Calc)"
        ]
    },
    "tensile_property": {
        "stress_strain_curve": "Fig. 8",
        "yield_strength": "539 ± 6 MPa",
        "ultimate_strength": "1306 ± 15 MPa",
        "fracture_elongation": "29.2 ± 1.2%",
        "uniform_elongation": "none",
        "fracture_toughness": "none"
    },
    "thermal_process": [
        {
            "temperature": "600 °C",
            "time": "1 h",
            "cooling_method": "water quenched",
            "pressure": "none",
            "atmosphere": "none"
        }
    ]
}