{
    "title": "3D printing of large-scale components of titanium alloys under open atmosphere",
    "doi": "j.mtcomm.2021.102688",
    "ref": "https://www.sciencedirect.com/science/article/pii/S2352492821006802?via%3Dihub",
    "sample_id": "j.mtcomm.2021.102688_1",
    "sample_name": "Printed Ti6Al4V Cuboid",
    "composition_name": "Printed cube",
    "alloy_type": "titanium",
    "other_process": "none",
    "样品状态(删除D，新增A)": null,
    "composition_content": [
        {
            "element": "C",
            "content": "0.0120%"
        },
        {
            "element": "H",
            "content": "0.0029%"
        },
        {
            "element": "O",
            "content": "0.0640%"
        },
        {
            "element": "N",
            "content": "0.0016%"
        },
        {
            "element": "Al",
            "content": "6.08%"
        },
        {
            "element": "V",
            "content": "3.73%"
        },
        {
            "element": "Fe",
            "content": "0.193%"
        },
        {
            "element": "Ti",
            "content": "bal."
        }
    ],
    "printing_parameter": {
        "equipment": "none",
        "laser_power": "none",
        "beam_current": "none",
        "accelerating_voltage": "none",
        "scan_speed": "none",
        "layer_thickness": "none",
        "hatch_spacing": "none",
        "rotation_angle": "none",
        "scan_strategy": "none"
    },
    "tensile_condition": {
        "tensile_standard": "DIN EN ISO 6892-1",
        "tensile_temperature": "Room temperature",
        "tensile_speed": "none",
        "tensile_strategy": "none",
        "sample_shape": "DIN EN 12550 – B 4×20"
    },
    "microstructure": {
        "microscope": [
            "Fig. 6"
        ],
        "EBSD_image": [
            "none"
        ],
        "phase_fraction": [
            "none"
        ]
    },
    "tensile_property": {
        "stress_strain_curve": "none",
        "yield_strength": "1124 MPa",
        "ultimate_strength": "1258 MPa",
        "fracture_elongation": "3%",
        "uniform_elongation": "none",
        "fracture_toughness": "none"
    },
    "thermal_process": [
        {
            "temperature": "none",
            "time": "none",
            "cooling_method": "none",
            "pressure": "none",
            "atmosphere": "none"
        }
    ]
}