{
    "title": "The effect of molybdenum content on the microstructural evolution and tensile properties of as-cast Ti-Mo alloys",
    "doi": "j.mtcomm.2021.102347",
    "ref": "https://www.sciencedirect.com/science/article/pii/S2352492821003391?via%3Dihub",
    "sample_id": "j.mtcomm.2021.102347_3",
    "sample_name": "Ti-12.89 Mo",
    "composition_name": "Ti-12.89 Mo",
    "alloy_type": "titanium",
    "other_process": "none",
    "样品状态(删除D，新增A)": null,
    "composition_content": [
        {
            "element": "Ti",
            "content": "bal."
        },
        {
            "element": "Mo",
            "content": "12.89%"
        }
    ],
    "printing_parameter": {
        "equipment": "none",
        "laser_power": "none",
        "beam_current": "none",
        "accelerating_voltage": "none",
        "scan_speed": "none",
        "layer_thickness": "none",
        "hatch_spacing": "none",
        "rotation_angle": "none",
        "scan_strategy": "none"
    },
    "tensile_condition": {
        "tensile_standard": "none",
        "tensile_temperature": "Room temperature",
        "tensile_speed": "none",
        "tensile_strategy": "none",
        "sample_shape": "3 × 4 × 10 mm"
    },
    "microstructure": {
        "microscope": [
            "Fig. 3"
        ],
        "EBSD_image": [
            "Fig. 6"
        ],
        "phase_fraction": [
            "BCC β phase (matrix) in red, orthorhombic martensitic α″ phase in blue"
        ]
    },
    "tensile_property": {
        "stress_strain_curve": "Fig. 9",
        "yield_strength": "none",
        "ultimate_strength": "643.10 MPa",
        "fracture_elongation": "0.09%",
        "uniform_elongation": "none",
        "fracture_toughness": "none"
    },
    "thermal_process": []
}