{
    "title": "Mechanical and helium swelling responses of K-RAFM steels to Fe ion irradiation and helium implantation",
    "doi": "j.nme.2024.101652",
    "ref": "https://www.sciencedirect.com/science/article/pii/S2352179124000759?via%3Dihub",
    "sample_id": "j.nme.2024.101652_2",
    "sample_name": "K-RAFM T700 unirradiated",
    "composition_name": "K-RAFM",
    "alloy_type": "steel",
    "other_process": "Micropillars were fabricated and subjected to compression testing. Fabrication of the micropillars involved focused ion beam milling with a Ga ion beam current of 7 nA for coarse milling. In the final fabrication stages, the current was gradually adjusted from 5 nA to 0.3 nA to minimize ion-beam damage.",
    "样品状态(删除D，新增A)": null,
    "composition_content": [
        {
            "element": "C",
            "content": "0.10%"
        },
        {
            "element": "Cr",
            "content": "9.10%"
        },
        {
            "element": "W",
            "content": "1.10%"
        },
        {
            "element": "V",
            "content": "0.21%"
        },
        {
            "element": "Mn",
            "content": "0.42%"
        },
        {
            "element": "Si",
            "content": "0.11%"
        },
        {
            "element": "Ta",
            "content": "0.100%"
        },
        {
            "element": "Ti",
            "content": "0.015%"
        },
        {
            "element": "Fe",
            "content": "bal."
        }
    ],
    "printing_parameter": {},
    "tensile_condition": {
        "tensile_standard": "NONE",
        "tensile_temperature": "Room temperature",
        "tensile_speed": "NONE",
        "tensile_direction": null,
        "sample_shape": "The presented data includes yield strengths assessed in 500 nm irradiated and unirradiated micropillars of K-RAFM and reference RAFM steels, along with the yield strength of the bulk material determined through tensile testing. Dotted lines and arrows illustrate the variation of yield strength with specimen size for the unirradiated material; ['Figure 5(a)']"
    },
    "microstructure": {
        "microscope": [
            "NONE"
        ],
        "EBSD_image": [],
        "phase_fraction": [
            "tempered martensite,100%",
            "M23C6",
            "MX"
        ]
    },
    "tensile_property": {
        "stress_strain_curve": "Fig. 5",
        "yield_strength": "842.81 MPa",
        "ultimate_strength": "NONE",
        "fracture_elongation": "NONE",
        "uniform_elongation": "NONE",
        "fracture_toughness": "NONE"
    },
    "thermal_process": [
        {
            "temperature": "700 °C",
            "time": "NONE",
            "cooling_method": "NONE",
            "pressure": "NONE",
            "atmosphere": "NONE"
        }
    ]
}