{
    "title": "Full length articleThe martensitic strengthening of 12CrNi2 low-alloy steel using a novel scanning strategy during direct laser deposition",
    "doi": "j.optlastec.2020.106487",
    "ref": "https://www.sciencedirect.com/science/article/pii/S0030399220311208?via%3Dihub",
    "sample_id": "j.optlastec.2020.106487_1",
    "sample_name": "S1",
    "composition_name": "12CrNi2 steel",
    "alloy_type": "steel",
    "other_process": "NONE",
    "样品状态(删除D，新增A)": null,
    "composition_content": [
        {
            "element": "C",
            "content": "0.12%"
        },
        {
            "element": "Ni",
            "content": "1.59%"
        },
        {
            "element": "Cr",
            "content": "1.00%"
        },
        {
            "element": "Mn",
            "content": "0.57%"
        },
        {
            "element": "Si",
            "content": "0.34%"
        },
        {
            "element": "O",
            "content": "0.008%"
        },
        {
            "element": "Fe",
            "content": "bal."
        }
    ],
    "printing_parameter": {},
    "tensile_condition": {
        "tensile_standard": "NONE",
        "tensile_temperature": "room temperature",
        "tensile_speed": "0.1 mm/min",
        "tensile_direction": null,
        "sample_shape": "The geometry of the tensile plate samples is shown in Fig. 3.; ['Fig. 3']"
    },
    "microstructure": {
        "microscope": [
            "Fig. 6",
            "Fig. 7"
        ],
        "EBSD_image": [
            "Fig. 8"
        ],
        "phase_fraction": [
            "Widmannstätten structure (W),Major phase",
            "Proeutectoid-ferrites of net (PFN),Present",
            "Martensite/austenite (M-A) islands,Traces",
            "α-Fe(M),Predominant phase"
        ]
    },
    "tensile_property": {
        "stress_strain_curve": "Fig. 10",
        "yield_strength": "1056±14 MPa",
        "ultimate_strength": "1131±37 MPa",
        "fracture_elongation": "5.1±1.5%",
        "uniform_elongation": "NONE",
        "fracture_toughness": "NONE"
    },
    "thermal_process": []
}