{
    "title": "Full length articleMicrostructure and mechanical properties of additive manufactured Ti-6Al-4V components by annular laser metal deposition in a semi-open environment",
    "doi": "j.optlastec.2020.106640",
    "ref": "https://www.sciencedirect.com/science/article/pii/S0030399220312731?via%3Dihub",
    "sample_id": "j.optlastec.2020.106640_1",
    "sample_name": "ALMD-produced Ti-6Al-4V block sample",
    "composition_name": "Ti-6Al-4V powder",
    "alloy_type": "titanium",
    "other_process": "NONE",
    "样品状态(删除D，新增A)": null,
    "composition_content": [
        {
            "element": "Al",
            "content": "6.36%"
        },
        {
            "element": "V",
            "content": "4.06%"
        },
        {
            "element": "Fe",
            "content": "0.05%"
        },
        {
            "element": "O",
            "content": "0.0785%"
        },
        {
            "element": "C",
            "content": "0.01%"
        },
        {
            "element": "H",
            "content": "0.0012%"
        },
        {
            "element": "N",
            "content": "0.0028%"
        },
        {
            "element": "Ti",
            "content": "bal."
        }
    ],
    "printing_parameter": {},
    "tensile_condition": {
        "tensile_standard": "NONE",
        "tensile_temperature": "Room temperature",
        "tensile_speed": "NONE",
        "tensile_direction": null,
        "sample_shape": "nonstandard tensile specimens were used to investigate the tensile properties; ['Fig. 3']"
    },
    "microstructure": {
        "microscope": [
            "Fig. 6"
        ],
        "EBSD_image": [],
        "phase_fraction": [
            "α',Traces (major phase)",
            "α lathes,Small amount",
            "β,Major phase"
        ]
    },
    "tensile_property": {
        "stress_strain_curve": "NONE",
        "yield_strength": "995 MPa",
        "ultimate_strength": "1003 MPa",
        "fracture_elongation": "6.5%",
        "uniform_elongation": "NONE",
        "fracture_toughness": "NONE"
    },
    "thermal_process": []
}