{
    "title": "An ultra-high strength bainitic aging steel",
    "doi": "j.scriptamat.2024.116061",
    "ref": "https://www.sciencedirect.com/science/article/pii/S1359646224000964?via%3Dihub",
    "sample_id": "j.scriptamat.2024.116061_2",
    "sample_name": "IQ sample aged for 3 h",
    "composition_name": "composition_1",
    "alloy_type": "steel",
    "other_process": "Samples for electron back-scattered diffraction (EBSD) and X-Ray diffraction (XRD) measurements were electrolytically polished in a solution of 7 vol. % HClO4 and 93 vol. % ethanol with a voltage of 30 V for 70 s at −25 °C. Samples for transmission electron microscopy (TEM) measurements were polished in a solution of 10 vol. % HClO4 and 90 vol. % ethanol at −25 °C with a voltage of 25 V.",
    "样品状态(删除D，新增A)": null,
    "composition_content": [
        {
            "element": "Ni",
            "content": "17.3%"
        },
        {
            "element": "Mo",
            "content": "5.3%"
        },
        {
            "element": "Co",
            "content": "11%"
        },
        {
            "element": "Ti",
            "content": "1.0%"
        },
        {
            "element": "C",
            "content": "0.003%"
        },
        {
            "element": "Fe",
            "content": "bal."
        }
    ],
    "printing_parameter": {},
    "tensile_condition": {
        "tensile_standard": "GB/T228.1–2010",
        "tensile_temperature": "Room temperature",
        "tensile_speed": "NONE",
        "tensile_direction": null,
        "sample_shape": "triplicate samples for the tensile test with a 5 mm gauge in diameter and 25 mm gauge in length were tested on a TSE504D testing machine based on Standard GB/T228.1–2010.; []"
    },
    "microstructure": {
        "microscope": [
            "Fig. 3"
        ],
        "EBSD_image": [
            "Fig. 2"
        ],
        "phase_fraction": [
            "retained austenite",
            "bainite,Traces",
            "reversed austenite,Increases with aging time",
            "Ni3(Ti, Mo)",
            "Mo-enriched phase"
        ]
    },
    "tensile_property": {
        "stress_strain_curve": "Fig. 4",
        "yield_strength": "2130 MPa",
        "ultimate_strength": "2200 MPa",
        "fracture_elongation": "9.0±0.5%",
        "uniform_elongation": "NONE",
        "fracture_toughness": "NONE"
    },
    "thermal_process": [
        {
            "temperature": "850 °C",
            "time": "1 h",
            "cooling_method": "air cooling",
            "pressure": "NONE",
            "atmosphere": "salt bath"
        },
        {
            "temperature": "500 °C",
            "time": "3 h",
            "cooling_method": "air cooling to room temperature (RT)",
            "pressure": "NONE",
            "atmosphere": "NONE"
        }
    ]
}