{
    "title": "Enhanced ductility of as-quenched martensite by highly stable nano-sized austenite",
    "doi": "j.scriptamat.2021.113955",
    "ref": "https://www.sciencedirect.com/science/article/pii/S1359646221002359?via%3Dihub",
    "sample_id": "j.scriptamat.2021.113955_2",
    "sample_name": "N-MART",
    "composition_name": "Fe – 0.18C – 3.5Mn – 0.1Si",
    "alloy_type": "steel",
    "other_process": "water quenching",
    "样品状态(删除D，新增A)": null,
    "composition_content": [
        {
            "element": "Fe",
            "content": "bal."
        },
        {
            "element": "C",
            "content": "0.18%"
        },
        {
            "element": "Mn",
            "content": "3.5%"
        },
        {
            "element": "Si",
            "content": "0.1%"
        }
    ],
    "printing_parameter": {
        "equipment": "none",
        "laser_power": "none",
        "beam_current": "none",
        "accelerating_voltage": "none",
        "scan_speed": "none",
        "layer_thickness": "none",
        "hatch_spacing": "none",
        "rotation_angle": "none",
        "scan_strategy": "none"
    },
    "tensile_condition": {
        "tensile_standard": "ASTM E8M",
        "tensile_temperature": "Room temperature",
        "tensile_speed": "0.001 s−1",
        "tensile_strategy": "Constant crosshead speed",
        "sample_shape": "Sub-sized specimens"
    },
    "microstructure": {
        "microscope": [
            "Fig. 2",
            "Fig. 3",
            "Fig. 4"
        ],
        "EBSD_image": [
            "Fig. 2"
        ],
        "phase_fraction": [
            "Lath martensite: dominant, Austenite: 12% (Vγ)"
        ]
    },
    "tensile_property": {
        "stress_strain_curve": "Fig. 5",
        "yield_strength": "943 ± 22 MPa",
        "ultimate_strength": "1554 ± 13 MPa",
        "fracture_elongation": "11.2 ± 0.3 %",
        "uniform_elongation": "4.9 ± 0.2 %",
        "fracture_toughness": "none"
    },
    "thermal_process": [
        {
            "temperature": "873 K",
            "time": "24 h",
            "cooling_method": "water quenching",
            "pressure": "none",
            "atmosphere": "none"
        },
        {
            "temperature": "1143 K",
            "time": "1 s",
            "cooling_method": "cooled to 623 K at 30 K/s, further cooled to ambient temperature at 13 K/s",
            "pressure": "none",
            "atmosphere": "none"
        }
    ]
}