{
    "title": "Correlation between real geometry and tensile mechanical behaviour for Ti6Al4V electron beam melted thin specimens",
    "doi": "j.tafmec.2020.102519",
    "ref": "https://www.sciencedirect.com/science/article/pii/S0167844220300689?via%3Dihub",
    "sample_id": "j.tafmec.2020.102519_2",
    "sample_name": "A2",
    "composition_name": "Ti6Al4V",
    "alloy_type": "titanium",
    "other_process": "NONE",
    "样品状态(删除D，新增A)": null,
    "composition_content": [
        {
            "element": "Al",
            "content": "6.38%"
        },
        {
            "element": "V",
            "content": "4.14%"
        },
        {
            "element": "Fe",
            "content": "0.19%"
        },
        {
            "element": "O",
            "content": "0.14%"
        },
        {
            "element": "N",
            "content": "0.02%"
        },
        {
            "element": "H",
            "content": "<0.003%"
        },
        {
            "element": "C",
            "content": "0.01%"
        },
        {
            "element": "Ti",
            "content": "bal."
        }
    ],
    "printing_parameter": {
        "equipment": "ARCAM A2X",
        "laser_power": "NONE",
        "beam_current": "NONE",
        "accelerating_voltage": "NONE",
        "scan_speed": "NONE",
        "layer_thickness": "50 µm",
        "hatch_spacing": "NONE",
        "rotation_angle": "NONE",
        "scan_strategy": "NONE"
    },
    "tensile_condition": {
        "tensile_standard": "ASTM E8",
        "tensile_temperature": "room temperature",
        "tensile_speed": "1.86 mm/min",
        "tensile_direction": null,
        "sample_shape": "Specimens with four different thicknesses (1.0 mm, 2.0 mm, 3.0 mm and 5.0 mm) were manufactured using the ARCAM A2X available at the Italian Aerospace Research Centre (CIRA). The dimensions of the cross sections of the specimens were measured using calipers on the as fabricated surfaces.; ['Fig. 1']"
    },
    "microstructure": {
        "microscope": [
            "Fig. 6",
            "Fig. 7"
        ],
        "EBSD_image": [
            "NONE"
        ],
        "phase_fraction": []
    },
    "tensile_property": {
        "stress_strain_curve": "Fig. 2",
        "yield_strength": "792 MPa",
        "ultimate_strength": "820 MPa",
        "fracture_elongation": "5.3%",
        "uniform_elongation": "NONE",
        "fracture_toughness": "NONE"
    },
    "thermal_process": []
}