{
    "title": "Developments in the estimation of tensile strength by small punch testing",
    "doi": "j.tafmec.2019.01.020",
    "ref": "https://www.sciencedirect.com/science/article/pii/S0167844218304038?via%3Dihub",
    "sample_id": "j.tafmec.2019.01.020_4",
    "sample_name": "P92– Heat treatment 3",
    "composition_name": "NONE",
    "alloy_type": "NONE",
    "other_process": "NONE",
    "样品状态(删除D，新增A)": null,
    "composition_content": [],
    "printing_parameter": {},
    "tensile_condition": {
        "tensile_standard": "NONE",
        "tensile_temperature": "Room temperature",
        "tensile_speed": "NONE",
        "tensile_direction": null,
        "sample_shape": "The tensile tests were conducted using standard specimens with a diameter Ds = 8 mm and an initial thickness h0 = 0.5 mm, as well as miniature specimens with Ds = 3 mm and h0 = 0.25 mm according to the new standard [4]. The test rig set-up for these two standard types is given in Table 1.; []"
    },
    "microstructure": {
        "microscope": [],
        "EBSD_image": [],
        "phase_fraction": [
            "ferrite,NONE",
            "martensite,NONE"
        ]
    },
    "tensile_property": {
        "stress_strain_curve": "Fig. 2",
        "yield_strength": "NONE",
        "ultimate_strength": "726 MPa",
        "fracture_elongation": "NONE",
        "uniform_elongation": "NONE",
        "fracture_toughness": "NONE"
    },
    "thermal_process": [
        {
            "temperature": "NONE",
            "time": "NONE",
            "cooling_method": "NONE",
            "pressure": "NONE",
            "atmosphere": "NONE"
        }
    ]
}