{
    "title": "Short communicationMicrostructural characteristic and mechanical property of Ti6Al4V alloy fabricated by selective laser melting",
    "doi": "j.vacuum.2018.01.026",
    "ref": "https://www.sciencedirect.com/science/article/pii/S0042207X17317815?via%3Dihub",
    "sample_id": "j.vacuum.2018.01.026_1",
    "sample_name": "SLM-processed Ti6Al4V",
    "composition_name": "Ti6Al4V",
    "alloy_type": "titanium",
    "other_process": "NONE",
    "样品状态(删除D，新增A)": null,
    "composition_content": [
        {
            "element": "Ti",
            "content": "bal."
        },
        {
            "element": "Al",
            "content": "6%"
        },
        {
            "element": "V",
            "content": "4%"
        }
    ],
    "printing_parameter": {
        "equipment": "EOS M290",
        "laser_power": "280 W",
        "beam_current": "NONE",
        "accelerating_voltage": "NONE",
        "scan_speed": "1200 mm/s",
        "layer_thickness": "30 µm",
        "hatch_spacing": "80 µm",
        "rotation_angle": "NONE",
        "scan_strategy": "zigzag scanning strategy"
    },
    "tensile_condition": {
        "tensile_standard": "GB/T228-2010",
        "tensile_temperature": "room temperature",
        "tensile_speed": "1 mm/min",
        "tensile_direction": null,
        "sample_shape": "total length 84 mm, gauge length 32 mm and gauge diameter 8 mm; ['Fig. 1']"
    },
    "microstructure": {
        "microscope": [
            "Fig. 3"
        ],
        "EBSD_image": [],
        "phase_fraction": [
            "α' (martensite),major phase"
        ]
    },
    "tensile_property": {
        "stress_strain_curve": "Fig. 4",
        "yield_strength": "NONE",
        "ultimate_strength": "1261 MPa",
        "fracture_elongation": "10.2%",
        "uniform_elongation": "NONE",
        "fracture_toughness": "NONE"
    },
    "thermal_process": []
}