{
    "title": "Martensitic wear resistant steels alloyed with titanium",
    "doi": "j.wear.2020.203203",
    "ref": "https://www.sciencedirect.com/science/article/pii/S0043164819312244?via%3Dihub",
    "sample_id": "j.wear.2020.203203_3",
    "sample_name": "Steel 3",
    "composition_name": "composition_1",
    "alloy_type": "steel",
    "other_process": "rolling",
    "样品状态(删除D，新增A)": null,
    "composition_content": [
        {
            "element": "C",
            "content": "<0.4%"
        },
        {
            "element": "Mn",
            "content": "0.4%"
        },
        {
            "element": "Si",
            "content": "0.4%"
        },
        {
            "element": "Ni",
            "content": "0.2%"
        },
        {
            "element": "Cr",
            "content": "1.0%"
        },
        {
            "element": "Mo",
            "content": "0.2%"
        },
        {
            "element": "V",
            "content": "0.05%"
        },
        {
            "element": "Ti",
            "content": "<0.8%"
        },
        {
            "element": "Fe",
            "content": "bal."
        }
    ],
    "printing_parameter": {},
    "tensile_condition": {
        "tensile_standard": "ASTM E8-09",
        "tensile_temperature": "Room temperature",
        "tensile_speed": "2 mm/min",
        "tensile_direction": null,
        "sample_shape": "6 mm wide, 4 mm thick and 32 mm gauge length flat specimens"
    },
    "microstructure": {
        "microscope": [
            "Fig. 6",
            "Fig. 7"
        ],
        "EBSD_image": [],
        "phase_fraction": [
            "martensite,100%",
            "TiMoVCN",
            "TiC",
            "Fe3C"
        ]
    },
    "tensile_property": {
        "stress_strain_curve": "Fig. 2",
        "yield_strength": "750±20 MPa",
        "ultimate_strength": "1800±60 MPa",
        "fracture_elongation": "9.3±0.6%",
        "uniform_elongation": "NONE",
        "fracture_toughness": "11±2 J"
    },
    "thermal_process": [
        {
            "temperature": "900 °C",
            "time": "NONE",
            "cooling_method": "water quenching",
            "pressure": "NONE",
            "atmosphere": "NONE"
        }
    ]
}