{
    "title": "Effect of microstructure transformation below MS temperature in bainitic steels on the impact-abrasive wear behavior",
    "doi": "j.wear.2022.204589",
    "ref": "https://www.sciencedirect.com/science/article/pii/S0043164822003465?via%3Dihub",
    "sample_id": "j.wear.2022.204589_1",
    "sample_name": "B400",
    "composition_name": "composition_1",
    "alloy_type": "steel",
    "other_process": "The metallographic specimens, mechanical property test specimens, and wear test specimens used in the study were cut from heat treated billets by wire cutting machine.",
    "样品状态(删除D，新增A)": null,
    "composition_content": [
        {
            "element": "C",
            "content": "0.30%"
        },
        {
            "element": "Mn",
            "content": "1.52%"
        },
        {
            "element": "Si",
            "content": "0.26%"
        },
        {
            "element": "Al",
            "content": "1.10%"
        },
        {
            "element": "Ni",
            "content": "1.51%"
        },
        {
            "element": "Cr",
            "content": "0.27%"
        },
        {
            "element": "Mo",
            "content": "0.25%"
        },
        {
            "element": "Nb",
            "content": "0.016%"
        },
        {
            "element": "Fe",
            "content": "bal."
        }
    ],
    "printing_parameter": {
        "equipment": "none",
        "laser_power": "none",
        "beam_current": "none",
        "accelerating_voltage": "none",
        "scan_speed": "none",
        "layer_thickness": "none",
        "hatch_spacing": "none",
        "rotation_angle": "none",
        "scan_strategy": "none"
    },
    "tensile_condition": {
        "tensile_standard": "GB/T 228.1–2010",
        "tensile_temperature": "Room temperature",
        "tensile_speed": "none",
        "tensile_strategy": "none",
        "sample_shape": "Standard round rod-like tensile specimen, 5 mm diameter, 25 mm gauge length, Fig. none"
    },
    "microstructure": {
        "microscope": [
            "Fig. 4.Fig. 5"
        ],
        "EBSD_image": [
            "Fig. 6.Fig. 8."
        ],
        "phase_fraction": [
            "BF: 72.8%, M: 12.6%, RA: 14.6% (before wear), RA: 8.2% (after wear)"
        ]
    },
    "tensile_property": {
        "stress_strain_curve": "Fig. 9",
        "yield_strength": "734 ± 11 MPa",
        "ultimate_strength": "1096 ± 5 MPa",
        "fracture_elongation": "23 ± 2%",
        "uniform_elongation": "none",
        "fracture_toughness": "81 ± 2 MPa m^1/2"
    },
    "thermal_process": [
        {
            "temperature": "1200 °C",
            "time": "48 h",
            "cooling_method": "none",
            "pressure": "none",
            "atmosphere": "vacuum"
        },
        {
            "temperature": "900 °C",
            "time": "none",
            "cooling_method": "quenched to 400 °C",
            "pressure": "none",
            "atmosphere": "none"
        },
        {
            "temperature": "400 °C",
            "time": "different holding times",
            "cooling_method": "20 °C/s",
            "pressure": "none",
            "atmosphere": "none"
        },
        {
            "temperature": "23 ± 5 °C",
            "time": "none",
            "cooling_method": "air cooled",
            "pressure": "none",
            "atmosphere": "none"
        }
    ]
}