{
    "title": "An investigation of mechanical property and sliding wear behaviour of 400Hv grade martensitic steels",
    "doi": "j.wear.2020.203436",
    "ref": "https://www.sciencedirect.com/science/article/pii/S0043164820308954?via%3Dihub",
    "sample_id": "j.wear.2020.203436_2",
    "sample_name": "WT2",
    "composition_name": "WT",
    "alloy_type": "steel",
    "other_process": "hot rolling",
    "样品状态(删除D，新增A)": null,
    "composition_content": [
        {
            "element": "C",
            "content": "0.17%"
        },
        {
            "element": "Si",
            "content": "0.25%"
        },
        {
            "element": "Mn",
            "content": "1.65%"
        },
        {
            "element": "P",
            "content": "0.09%"
        },
        {
            "element": "S",
            "content": "0.04%"
        },
        {
            "element": "Cr",
            "content": "1.39%"
        },
        {
            "element": "Ni",
            "content": "1.09%"
        },
        {
            "element": "Mo",
            "content": "0.68%"
        },
        {
            "element": "B",
            "content": "0.004%"
        },
        {
            "element": "Ti",
            "content": "0.004%"
        },
        {
            "element": "Al",
            "content": "0.19%"
        },
        {
            "element": "Fe",
            "content": "bal."
        }
    ],
    "printing_parameter": {},
    "tensile_condition": {
        "tensile_standard": "ASTM E8",
        "tensile_temperature": "Room temperature",
        "tensile_speed": "6.67 × 10− 4/sec",
        "tensile_direction": null,
        "sample_shape": "NONE"
    },
    "microstructure": {
        "microscope": [
            "Fig. 2",
            "Fig. 3"
        ],
        "EBSD_image": [],
        "phase_fraction": [
            "tempered martensite,majority phase",
            "rod-type carbide"
        ]
    },
    "tensile_property": {
        "stress_strain_curve": "Fig. 4",
        "yield_strength": "1010±27 MPa",
        "ultimate_strength": "1435±32 MPa",
        "fracture_elongation": "13.7±.3%",
        "uniform_elongation": "8.3±.5%",
        "fracture_toughness": "15±1J/ cm2"
    },
    "thermal_process": [
        {
            "temperature": "860 °C",
            "time": "10 min",
            "cooling_method": "water quenching",
            "pressure": "NONE",
            "atmosphere": "NONE"
        },
        {
            "temperature": "300 °C",
            "time": "60 min",
            "cooling_method": "NONE",
            "pressure": "NONE",
            "atmosphere": "NONE"
        }
    ]
}