{
    "title": "The effect of microstructure and mechanical properties on the slurry erosion behavior of carbide-free bainitic and martensitic steel",
    "doi": "j.wear.2022.204422",
    "ref": "https://www.sciencedirect.com/science/article/pii/S0043164822001818?via%3Dihub",
    "sample_id": "j.wear.2022.204422_2",
    "sample_name": "B2",
    "composition_name": "investigated steel",
    "alloy_type": "steel",
    "other_process": "none",
    "样品状态(删除D，新增A)": null,
    "composition_content": [
        {
            "element": "C",
            "content": "0.23%"
        },
        {
            "element": "Mn",
            "content": "1.68%"
        },
        {
            "element": "Si",
            "content": "1.40%"
        },
        {
            "element": "Ni",
            "content": "0.26%"
        },
        {
            "element": "Cr",
            "content": "0.47%"
        },
        {
            "element": "Mo",
            "content": "0.37%"
        },
        {
            "element": "S",
            "content": "0.02%"
        },
        {
            "element": "P",
            "content": "0.03%"
        },
        {
            "element": "Ti",
            "content": "0.01%"
        },
        {
            "element": "Fe",
            "content": "bal."
        }
    ],
    "printing_parameter": {
        "equipment": "none",
        "laser_power": "none",
        "beam_current": "none",
        "accelerating_voltage": "none",
        "scan_speed": "none",
        "layer_thickness": "none",
        "hatch_spacing": "none",
        "rotation_angle": "none",
        "scan_strategy": "none"
    },
    "tensile_condition": {
        "tensile_standard": "ASTM E8",
        "tensile_temperature": "25 °C",
        "tensile_speed": "6.67 × 10−4/sec",
        "tensile_strategy": "Constant crosshead speed",
        "sample_shape": "Dog-bone (gauge length: 25 mm, width: 6 mm, thickness: 5 mm)"
    },
    "microstructure": {
        "microscope": [
            "Fig. 4",
            "Fig. 5"
        ],
        "EBSD_image": [
            "none"
        ],
        "phase_fraction": [
            "76.74% BF, 9.76% RA, 13.50% FM"
        ]
    },
    "tensile_property": {
        "stress_strain_curve": "none",
        "yield_strength": "821 ± 15 MPa",
        "ultimate_strength": "1571 ± 24 MPa",
        "fracture_elongation": "17.33 ± 1%",
        "uniform_elongation": "13.81 ± 1%",
        "fracture_toughness": "13 ± 1 J/cm²"
    },
    "thermal_process": [
        {
            "temperature": "1200 °C",
            "time": "2 h",
            "cooling_method": "air cooling",
            "pressure": "none",
            "atmosphere": "none"
        },
        {
            "temperature": "900 °C",
            "time": "10 min",
            "cooling_method": "none",
            "pressure": "none",
            "atmosphere": "none"
        },
        {
            "temperature": "400 °C",
            "time": "none",
            "cooling_method": "none",
            "pressure": "none",
            "atmosphere": "none"
        }
    ]
}