{
    "title": "Improved slurry erosion resistance of martensitic 13wt.%Cr–4wt.%Ni steel subjected to cyclic heat treatment",
    "doi": "j.wear.2020.203476",
    "ref": "https://www.sciencedirect.com/science/article/pii/S0043164820309352?via%3Dihub",
    "sample_id": "j.wear.2020.203476_1",
    "sample_name": "13-4 ASR",
    "composition_name": "13-4 MSS",
    "alloy_type": "steel",
    "other_process": "none",
    "样品状态(删除D，新增A)": null,
    "composition_content": [
        {
            "element": "C",
            "content": "0.07%"
        },
        {
            "element": "Cr",
            "content": "13.51%"
        },
        {
            "element": "Ni",
            "content": "3.35%"
        },
        {
            "element": "Mn",
            "content": "0.62%"
        },
        {
            "element": "Si",
            "content": "0.64%"
        },
        {
            "element": "S",
            "content": "0.02%"
        },
        {
            "element": "Cu",
            "content": "0.06%"
        },
        {
            "element": "P",
            "content": "0.01%"
        },
        {
            "element": "Mo",
            "content": "0.32%"
        },
        {
            "element": "Fe",
            "content": "bal."
        }
    ],
    "printing_parameter": {
        "equipment": "none",
        "laser_power": "none",
        "beam_current": "none",
        "accelerating_voltage": "none",
        "scan_speed": "none",
        "layer_thickness": "none",
        "hatch_spacing": "none",
        "rotation_angle": "none",
        "scan_strategy": "none"
    },
    "tensile_condition": {
        "tensile_standard": "none",
        "tensile_temperature": "Room temperature",
        "tensile_speed": "0.5 mm/min",
        "tensile_strategy": "Constant crosshead speed",
        "sample_shape": "Flat SS-3 type specimens [26]"
    },
    "microstructure": {
        "microscope": [
            "Fig. 3.  (a)",
            "Fig. 4.  (a)",
            "(b)Fig. 6. (a)",
            "Fig. 12. (a)",
            "(b)",
            "Fig. 13."
        ],
        "EBSD_image": [
            "none"
        ],
        "phase_fraction": [
            "Martensite，ferrite：12.5%，M23C6 and M7C3"
        ]
    },
    "tensile_property": {
        "stress_strain_curve": "Fig. 7. (b)",
        "yield_strength": "712 ± 20 MPa",
        "ultimate_strength": "897 ± 1 MPa",
        "fracture_elongation": "23.5 ± 1%",
        "uniform_elongation": "none",
        "fracture_toughness": "179.1 ± 2 MJ/m³"
    },
    "thermal_process": []
}