{
    "title": "An investigation of mechanical property and sliding wear behaviour of 400Hv grade martensitic steels",
    "doi": "j.wear.2020.203436",
    "ref": "https://www.sciencedirect.com/science/article/pii/S0043164820308954?via%3Dihub",
    "sample_id": "j.wear.2020.203436_4",
    "sample_name": "Hardox 400",
    "composition_name": "Hardox 400",
    "alloy_type": "steel",
    "other_process": "hot rolling",
    "样品状态(删除D，新增A)": null,
    "composition_content": [
        {
            "element": "C",
            "content": "0.18%"
        },
        {
            "element": "Si",
            "content": "0.7%"
        },
        {
            "element": "Mn",
            "content": "1.60%"
        },
        {
            "element": "P",
            "content": "0.02%"
        },
        {
            "element": "S",
            "content": "0.01%"
        },
        {
            "element": "Cr",
            "content": "1.00%"
        },
        {
            "element": "Ni",
            "content": "0.25%"
        },
        {
            "element": "Mo",
            "content": "0.25%"
        },
        {
            "element": "B",
            "content": "0.004%"
        },
        {
            "element": "Fe",
            "content": "bal."
        }
    ],
    "printing_parameter": {},
    "tensile_condition": {
        "tensile_standard": "ASTM E8",
        "tensile_temperature": "Room temperature",
        "tensile_speed": "6.67 × 10− 4/sec",
        "tensile_direction": null,
        "sample_shape": "NONE"
    },
    "microstructure": {
        "microscope": [
            "Fig. 2"
        ],
        "EBSD_image": [],
        "phase_fraction": [
            "tempered martensite,majority phase",
            "ferrite + martensite,formed during wear test due to phase transformation"
        ]
    },
    "tensile_property": {
        "stress_strain_curve": "Fig. 4",
        "yield_strength": "740±5 MPa",
        "ultimate_strength": "1250±10 MPa",
        "fracture_elongation": "23.1±.8%",
        "uniform_elongation": "10.8±.2%",
        "fracture_toughness": "72 ± 4J/ cm2"
    },
    "thermal_process": []
}